t,vel_izq,i_izq,vel_izq_est,i_izq_est,u_izq,vel_der,i_der,vel_der_est,i_der_est,u_der
0.0,0.0,0.0057595865305,-0.00015207657360367016,0.005693591804458236,-0.0015410138430965758,0.0,0.0016755160816000001,-6.438654723009421e-05,0.001646548772053729,-0.00042716825647809344
0.025,0.0,0.0,-7.205956707630461e-05,0.00269781951463954,-0.0007301853016305042,0.0,0.0,-2.883595753822419e-05,0.000737418179967305,-0.00019131023846846382
0.05,0.0,0.0,-4.539589082322578e-05,0.0016995667492022476,-0.0004600006266920748,0.0,0.0,-1.790031640300195e-05,0.00045776245596656134,-0.00011875845618122366
0.07500000000000001,0.0,0.0,-3.1778863270655243e-05,0.0011897622223354602,-0.0003220181668186849,0.0,0.0,-1.2508748800649454e-05,0.0003198846010960404,-8.298846025303765e-05
0.1,0.0,0.0,-2.3410381775586216e-05,0.000876456512586219,-0.0002372196010503604,0.0,0.0,-9.261590141302723e-06,0.000236845436348906,-6.144540253956665e-05
0.125,0.0,0.0,-1.7729731332397147e-05,0.0006637798459049709,-0.00017965704862913555,0.0,0.0,-7.081174831804274e-06,0.00018108596011209168,-4.697958248585391e-05
0.15,0.0,0.0,-1.364356344659221e-05,0.0005107986488289443,-0.00013825152764464083,0.0,0.0,-5.518433540924106e-06,0.0001411221809670674,-3.661167954281005e-05
0.175,0.0,0.0,-1.059957177121002e-05,0.00039683526148713333,-0.00010740647270307005,0.0,0.0,-4.3516436702945966e-06,0.00011128401583337492,-2.8870689908621256e-05
0.19999999999999998,0.0,0.0,-8.282572050530077e-06,0.00031008957377860687,-8.392809454434387e-05,0.0,0.0,-3.457315611074866e-06,8.841348105549958e-05,-2.2937330003592145e-05
0.22499999999999998,0.0,0.0,-6.495196225597912e-06,0.00024317236659007605,-6.581644499103955e-05,0.0,0.0,-2.7600323096317845e-06,7.058194616034755e-05,-1.8311250411681006e-05
0.24999999999999997,0.0,0.0,-5.104831351738033e-06,0.00019111877216782398,-5.1727744940616484e-05,0.0,0.0,-2.2102761122280924e-06,5.652310264933309e-05,-1.4663929559348847e-05
0.27499999999999997,0.0,0.0,-4.017634025075746e-06,0.00015041540681669463,-4.0711070455652214e-05,0.0,0.0,-1.7736424959958496e-06,4.5357128147820486e-05,-1.176711293257088e-05
0.3,0.0,0.0,-3.1647137434270375e-06,0.0001184830930880204,-3.206834760254135e-05,0.0,0.0,-1.42517428363513e-06,3.644579601681436e-05,-9.455223801860226e-06
0.325,0.0,0.0,-2.4942125138390757e-06,9.338033004250623e-05,-2.5274094430029065e-05,0.0,0.0,-1.1461808202322086e-06,2.9311132576725176e-05,-7.604260262859175e-06
0.35000000000000003,0.0,0.0,-1.9664360375698275e-06,7.36210107718917e-05,-1.9926084834417477e-05,0.0,0.0,-9.223398992447109e-07,2.358687790822415e-05,-6.119202590787748e-06
0.37500000000000006,0.0,0.0,-1.550667438938193e-06,5.8055132282078675e-05,-1.5713061784959344e-05,0.0,0.0,-7.424986398843958e-07,1.8987820845999543e-05,-4.926057741357172e-06
0.4000000000000001,0.0,0.0,-1.2229693385299762e-06,4.578650777448245e-05,-1.2392465528866977e-05,0.0,0.0,-5.978751784693547e-07,1.52893839358597e-05,-3.966563025250564e-06
0.4250000000000001,0.0,0.0,-9.646037184481586e-07,3.611360830698276e-05,-9.774421938274496e-06,0.0,0.0,-4.815021355378287e-07,1.2313391291844013e-05,-3.194493827780539e-06
0.4500000000000001,0.0,0.0,-7.60860778575738e-07,2.8485716581511206e-05,-7.70987520037389e-06,0.0,0.0,-3.8782345128795045e-07,9.917758521523256e-06,-2.572988840483706e-06
0.47500000000000014,0.0,0.0,-6.001721659011752e-07,2.2469727315114332e-05,-6.081602086095853e-06,0.0,0.0,-3.123933368285758e-07,7.988794045614121e-06,-2.0725527732581637e-06
0.5000000000000001,0.0,0.0,-4.734297466192644e-07,1.7724642884710943e-05,-4.797309002966366e-06,0.0,0.0,-2.5164628341306856e-07,6.435317574121038e-06,-1.6695304959531302e-06
0.5250000000000001,0.0,0.0,-3.7345726527331e-07,1.3981792878777288e-05,-3.7842782667763142e-06,0.0,0.0,-2.0271841984465147e-07,5.184091702570263e-06,-1.3449218459806583e-06
0.5500000000000002,0.0,0.0,-2.9459803864685093e-07,1.10293978507096e-05,-2.985190164376483e-06,0.0,0.0,-1.6330712042441468e-07,4.1762316843808405e-06,-1.0834502066033366e-06
0.5750000000000002,0.0,0.0,-2.323919238388105e-07,8.700475390520416e-06,-2.3548496402740867e-06,0.0,0.0,-1.315597765823666e-07,3.3643610022971435e-06,-8.728245697334835e-07
0.6000000000000002,0.0,0.0,-1.833215918917881e-07,6.863340913363756e-06,-1.8576152630146283e-06,0.0,0.0,-1.0598518629381129e-07,2.7103453414946666e-06,-7.031516549216906e-07
0.6250000000000002,0.0,0.0,-1.4461291932236155e-07,5.414134557466489e-06,-1.4653765734384675e-06,0.0,0.0,-8.538269852241242e-08,2.183480609666834e-06,-5.664658228866063e-07
0.6500000000000002,0.0,0.0,-1.1407779625755699e-07,4.270936108984948e-06,-1.1559612444666964e-06,0.0,0.0,-6.878541332884925e-08,1.7590404008141838e-06,-4.5635224042133045e-07
0.6750000000000003,0.0,0.0,-8.999025902016665e-08,3.3691275543152537e-06,-9.118799207181193e-07,0.0,0.0,-5.5414573387971e-08,1.4171096554629695e-06,-3.676442939536214e-07
0.7000000000000003,0.0,0.0,-7.098884337931389e-08,2.6577373027109e-06,-7.193367546388982e-07,0.0,0.0,-4.464290115862037e-08,1.1416470868923584e-06,-2.961803524425408e-07
0.7250000000000003,0.0,0.0,-5.599958861715596e-08,2.0965575507286782e-06,-5.67449199330782e-07,0.0,0.0,-3.596510535903828e-08,9.19730947077896e-07,-2.386080945551672e-07
0.7500000000000003,0.0,0.0,-4.41753154683039e-08,1.6538709209832574e-06,-4.4763270609110397e-07,0.0,0.0,-2.8974143200274767e-08,7.409519838835217e-07,-1.922270220362003e-07
0.7750000000000004,0.0,0.0,-3.484773352026334e-08,1.3046574205612033e-06,-3.5311542411087846e-07,0.0,0.0,-2.3342108926154314e-08,5.969247061875253e-07,-1.548616660000735e-07
0.8000000000000004,0.0,0.0,-0.030718995979793728,-0.0037889207823664705,-0.657152244480008,0.0,0.0,0.031521869613184324,0.007448512177876865,0.6756730072058272
0.8250000000000004,0.0,0.0,-0.03047190872935072,-0.013044293912657705,-0.6546471993927634,0.0,0.0,0.03073023146695424,0.027692971242040117,0.6704209366757554
0.8500000000000004,0.0,0.0,-0.03027689355943354,-0.02034542840623991,-0.652671091977434,0.0,0.0,0.03009247302859812,0.04400228457952472,0.6661897708208668
0.8750000000000004,0.0,0.1915324320779,-0.031116867997435765,0.011102321774579961,-0.6611826642278529,0.0,0.1915324320779,0.02838345491757205,0.08770678176257259,0.6548514040632041
0.9000000000000005,0.0,0.0,-0.03078567271377837,-0.0012973460173716358,-0.6578265999178649,0.0,0.18692476285350001,0.027035390799531336,0.122180649574978,0.6459077625158592
0.9250000000000005,0.0,0.0,-0.030524406606320397,-0.011078836272805809,-0.6551791654070495,0.0,0.1915324320779,0.02592061108203473,0.15068876584827884,0.6385118307763203
0.9500000000000005,0.0,0.0,-0.030318306587177137,-0.018794974230438792,-0.653090734157231,0.0,0.1915324320779,0.02502252307480655,0.17365545328604245,0.6325535257468118
0.9750000000000005,0.0,0.0,-0.03015572438786904,-0.024881857116386887,-0.6514432731472286,0.0,0.0,0.02549423306356899,0.16159247528544052,0.6356830542296059
1.0000000000000004,0.0,0.0,-0.03002747126192844,-0.029683500596912132,-0.6501436719282928,0.0,0.1915324320779,0.024679024788325985,0.1824396901509296,0.6302746092581244
1.0250000000000004,0.0,0.0,-0.02992629865845479,-0.033471281739198194,-0.6491184802393343,0.0,0.1915324320779,0.024022277208908573,0.19923461031531295,0.625917461212425
1.0500000000000003,0.0,0.0,-0.029846488551333664,-0.036459276594900024,-0.6483097567736306,0.0,0.18692476285350001,0.023521942033383328,0.21202961648164362,0.622598020836009
1.0750000000000002,0.0,0.0,-0.029783530270238286,-0.0388163592605244,-0.6476717944763876,0.0,0.1915324320779,0.023090108902176554,0.22307282880592522,0.6197330527071918
1.1,0.0,0.0,-0.029733865568545754,-0.04067574622942058,-0.6471685372934977,0.0,0.18692476285350001,0.022770969158577674,0.23123414783167434,0.617615741347845
1.125,0.0,0.0,-0.06041365601008932,-0.045932475423931106,-1.3039235082963465,0.0,0.1915324320779,0.05400699899724735,0.24599240327049862,1.2913923636198787
1.15,0.0,0.0,-0.06013566898870995,-0.05634469898244738,-1.3011053528682894,0.0,0.1915324320779,0.05298506527160361,0.27212618114097376,1.2846124124165876
1.1749999999999998,0.0,0.18692476285350001,-0.06088618266801765,-0.02824625523320545,-1.3087104099304325,0.0,0.5606695688054001,0.04985823563996279,0.3520881873633573,1.2638676696174513
1.1999999999999997,0.0,0.1915324320779,-0.06150213645930057,-0.005185680039114315,-1.3149519294800844,0.0,0.3831695839109,0.04844686062057485,0.388181096595292,1.2545039961147346
1.2249999999999996,0.0,0.1915324320779,-0.06198803226880922,0.013005677316369408,-1.3198755582936708,0.0,0.5747020159888001,0.04611460265935777,0.44782362515487867,1.2390307861077512
1.2499999999999996,0.0,0.5606695688054001,-0.06428668868490996,0.0990648390038809,-1.3431681233685355,0.0,0.7475943316589001,0.04315678411765225,0.5234635328240532,1.2194073361209752
1.2749999999999995,0.0,0.5747020159888001,-0.06617280140343515,0.16967864925633366,-1.3622802865932062,0.0,0.9577668801446001,0.03946236062444771,0.617940542815216,1.1948969296756053
1.2999999999999994,0.0,0.3831695839109,-0.06666685124450794,0.18817517088574584,-1.3672865102363585,0.0,0.9577668801446001,0.03648606131384289,0.6940530567756943,1.1751508702594107
1.3249999999999993,0.0,0.3831695839109,-0.06705658055054417,0.2027661694888207,-1.3712356746520322,0.0,0.7662344480667,0.03528352362634031,0.7248053961657087,1.1671727141168178
1.3499999999999992,0.0,0.7475943316589001,-0.06925492455961745,0.2850697519812221,-1.3935117637343257,0.0,0.9344143747573,0.03326523656880169,0.7764187877683658,1.153782523145241
1.3749999999999991,0.0,0.3831695839109,-0.06909818927936423,0.27920155592279994,-1.3919234916010252,0.0,0.9577668801446001,0.03149353782717501,0.8217262085393864,1.1420283059214649
1.399999999999999,0.0,0.5606695688054001,-0.06989554540806266,0.30905371935647546,-1.4000032061846668,0.0,0.9344143747573,0.030211950407226486,0.8545000764244455,1.1335256995971894
1.424999999999999,0.0,0.9577668801446001,-0.07258497792885105,0.40974308701821444,-1.4272555474760205,0.0,0.9577668801446001,0.029033751200302754,0.8846300110267669,1.1257090154817173
1.4499999999999988,0.0,0.5747020159888001,-0.07271891997306412,0.41475749097818143,-1.4286127335416088,0.0,0.9577668801446001,0.02808457103840797,0.9089032714699661,1.1194117429571877
1.4749999999999988,0.0,0.7662344480667,-0.07381838769629308,0.45592035907126105,-1.439753776124858,0.0,1.1494040319776002,0.026124012744428386,0.9590403729339262,1.1064045496199995
1.4999999999999987,0.0,1.0946356000603,-0.10710866332521682,0.5483972634023997,-2.1229610964917285,0.0,0.9122137866761001,0.05754658428273762,0.9690282218245807,1.7814187703661657
1.5249999999999986,0.0,0.7297919732919,-0.10699688509095111,0.5442074827667291,-2.121827092053713,0.0,1.0946356000603,0.055536558668373565,1.020430344652316,1.7680833893798789
1.5499999999999985,0.0,0.9577668801446001,-0.10809150674061944,0.5851889411307535,-2.132919034755275,0.0,1.1494040319776002,0.05357546954998246,1.0705810208192033,1.7550726743236402
1.5749999999999984,0.0,0.9577668801446001,-0.10895500295249648,0.6175172054586626,-2.141668924641318,0.0,1.1494040319776002,0.05199557807149013,1.1109833794745738,1.7445909896038632
1.5999999999999983,0.0,1.1213391376108002,-0.11048490687961257,0.6747950731921929,-2.15717161404903,0.0,1.3082639004643002,0.0497314477715124,1.1688836882415978,1.7295697680249313
1.6249999999999982,0.0,1.3409364640555002,-0.11283120880936501,0.7626379377150252,-2.180946951669686,0.0,1.5324688961334,0.046508305803578315,1.2513086772738797,1.708186047449678
1.6499999999999981,0.0,1.3409364640555002,-0.11468209413268352,0.8319328681956795,-2.199702150068731,0.0,1.7240013282113003,0.04271645320439579,1.3482772290808416,1.6830292540940266
1.674999999999998,0.0,1.5324688961334,-0.11713597903512524,0.9238034938650487,-2.22456763175766,0.0,1.7240013282113003,0.039661663111981826,1.4263969775640475,1.662762452817057
1.699999999999998,0.0,1.1213391376108002,-0.11693848506824879,0.9164093138466948,-2.222566340446436,0.0,1.4950839435627,0.03862918641052233,1.452800369545239,1.6559125549524285
1.7249999999999979,0.0,1.3409364640555002,-0.11792212028895524,0.9532355682728034,-2.2325336456847236,0.0,1.7240013282113003,0.036368881607373234,1.5106028493812191,1.6409167133771834
1.7499999999999978,0.0,1.3082639004643002,-0.11852853516987603,0.9759389961076644,-2.238678500555345,0.0,1.6820087064162002,0.03480998425486164,1.5504683279917788,1.63057431278708
1.7749999999999977,0.0,1.2474217227512001,-0.11869121142677543,0.9820293645316786,-2.2403269048906362,0.0,1.6037830493565,0.03404226070023783,1.5701012222911022,1.6254809020301115
1.7999999999999976,0.0,1.3082639004643002,-0.11913523229827354,0.9986530102093062,-2.2448262207126497,0.0,1.6820087064162002,0.03293561326866987,1.5984013726776125,1.6181389233995076
1.8249999999999975,0.0,1.4950839435627,-0.1204548601935015,1.0480584087722176,-2.2581981666659843,0.0,1.6820087064162002,0.03204407660648735,1.6212005234232594,1.6122240828320802
1.8499999999999974,0.0,1.3082639004643002,-0.12052649145382685,1.0507400872693577,-2.2589239830960084,0.0,1.4950839435627,0.0324923107867317,1.6097378892110825,1.6151978626278378
1.8749999999999973,0.0,1.6657771443757001,-0.12243803916738835,1.1223063557581243,-2.2782939367149657,0.0,1.4991680140116002,0.032827930973069394,1.6011551179733297,1.6174245123861715
1.8999999999999972,0.0,1.3082639004643002,-0.12209092626588919,1.1093106535694586,-2.2747765510065783,0.0,1.4950839435627,0.033123799087071464,1.5935889212950431,1.6193874296699398
1.9249999999999972,0.0,0.9577668801446001,-0.11999846314989016,1.0309711331541593,-2.2535733653991876,0.0,1.7240013282113003,0.031933634663939954,1.6240248408111173,1.6114913631247814
1.949999999999997,0.0,1.5324688961334,-0.1213297971532163,1.0808150230378308,-2.267063992748956,0.0,1.5324688961334,0.032170041927185436,1.6179792287108583,1.6130597913572426
1.974999999999997,0.0,0.7662344480667,-0.11840423630624063,0.9712850759565325,-2.2374188812231823,0.0,1.5324688961334,0.03236049620955199,1.6131087661959473,1.6143233476004872
1.999999999999997,0.0,0.5747020159888001,-0.11510258298106453,0.8476750155529157,-2.203962880842836,0.0,1.7240013282113003,0.03131870304231975,1.6397504069423667,1.6074116402641991
2.024999999999997,0.0,0.5606695688054001,-0.14314422587882325,0.7436491926436724,-2.833985247650029,0.0,1.4950839435627,0.06342982417456966,1.6321300669003858,2.2869939974019173
2.0499999999999967,0.0,0.1915324320779,-0.13886977637606537,0.5836139810600497,-2.7906704955434276,0.0,1.5324688961334,0.06287958630802297,1.6462012281071736,2.2833434809388793
2.0749999999999966,0.0,0.5747020159888001,-0.1374859356601287,0.5318048673498388,-2.776647966439052,0.0,1.7240013282113003,0.06124107716016259,1.688102608774297,2.272472901198162
2.0999999999999965,0.0,0.7475943316589001,-0.13729138980952463,0.5245214055468496,-2.774676642447716,0.0,2.2426782752216003,0.056684343662132174,1.8046313600167594,2.2422415564954483
2.1249999999999964,0.0,0.7662344480667,-0.1372346430248048,0.5223968848570933,-2.774101624831764,0.0,1.7240013282113003,0.05625006937176679,1.8157369997838264,2.239360392659386
2.1499999999999964,0.0,2.2987033442001,-0.14514146283650328,0.8184196553081176,-2.8542224339613775,0.0,2.1071709121222,0.05350910241177509,1.8858313902466237,2.2211756300388856
2.1749999999999963,0.0,1.4950839435627,-0.1472090115526754,0.8958257300936067,-2.875172974254289,0.0,1.8689334692697002,0.05278760802007801,1.904282072193237,2.2163889235824934
2.199999999999996,0.0,1.7240013282113003,-0.15002778237452982,1.0013572697516504,-2.9037358859432647,0.0,2.1071709121222,0.050719676305183564,1.9571650201417048,2.202669368440267
2.224999999999996,0.0,1.7240013282113003,-0.15225137536298006,1.0846059289800436,-2.9262677668392105,0.0,2.2987033442001,0.04785848352024707,2.03033392993959,2.183686975596986
2.249999999999996,0.0,1.6820087064162002,-0.15378757002906202,1.1421191932715842,-2.9418341679008218,0.0,2.2426782752216003,0.045903066333250274,2.080339558544532,2.170713890591674
2.274999999999996,0.0,1.7240013282113003,-0.15521728701425064,1.1956461101817133,-2.956321633900734,0.0,2.2987033442001,0.04397812898736537,2.1295657301497455,2.1579430220607363
2.299999999999996,0.0,1.8689334692697002,-0.1570971365405369,1.2660255111779462,-2.975370352616111,0.0,2.42949831832,0.04161115742174788,2.1900959851854567,2.1422395069589575
2.3249999999999957,0.0,1.9156384800443,-0.15882239970307502,1.33061732589533,-2.9928526171176406,0.0,2.2987033442001,0.04052048381855463,2.217987638942248,2.1350035056283043
2.3499999999999956,0.0,1.9156384800443,-0.16018337582395936,1.3815706423941108,-3.006643518607768,0.0,2.4902357762780003,0.03844658914698482,2.271023076803636,2.1212443896474698
2.3749999999999956,0.0,2.1071709121222,-0.16225079537186896,1.4589724678963996,-3.027592909814356,0.0,2.6818729281110003,0.03557993900183942,2.3443315469621364,2.102225790311597
2.3999999999999955,0.0,2.4902357762780003,-0.1658693081059167,1.5944454781030843,-3.0642597077110576,0.0,2.4902357762780003,0.034466390296279945,2.372808182727069,2.094838025638899
2.4249999999999954,0.0,2.2426782752216003,-0.16743926843485318,1.6532227672088184,-3.0801682264642083,0.0,2.42949831832,0.03394831601242307,2.386056828796189,2.09140089633056
2.4499999999999953,0.0,2.4902357762780003,-0.16996224186181508,1.747680017543285,-3.1057337977902657,0.0,2.6818729281110003,0.0319560428073286,2.437004971544551,2.078183292529211
2.474999999999995,0.0,2.6818729281110003,-0.17294685058321044,1.8594203076324696,-3.1359771548264765,0.0,2.4902357762780003,0.0315469091452326,2.447467693306093,2.0754689225155554
2.499999999999995,0.0,2.6818729281110003,-0.1753012644950829,1.9475667456046413,-3.1598346566793527,0.0,2.2987033442001,0.032412529957382086,2.42533128521148,2.0812118261033223
2.524999999999995,0.0,2.6164230811735,-0.176818943906801,2.0043868071130633,-3.175213437127235,0.0,2.42949831832,0.03229368623707299,2.4283704601662017,2.0804233653613284
2.549999999999995,0.0,2.8734053601889,-0.17934958049109706,2.0991309624393804,-3.2008566614745493,0.0,2.4902357762780003,0.031818921249363225,2.4405115632558347,2.077273568691748
2.574999999999995,0.0,3.0649377922668,-0.18233969105584644,2.211077234894794,-3.2311557692000403,0.0,2.6818729281110003,0.030240561032951557,2.480874763146487,2.066802043028009
2.5999999999999948,0.0,3.2565749440998,-0.18569280066561977,2.3366137570465786,-3.26513318106102,0.0,2.4902357762780003,0.030164883712813978,2.482810049380262,2.0662999668913695
2.6249999999999947,0.0,2.9901678871254,-0.18695558962044667,2.3838909065633227,-3.2779290998094712,0.0,2.42949831832,0.030482938772711562,2.4746764688290543,2.068410081989053
2.6499999999999946,0.0,2.6818729281110003,-0.18635207587083466,2.361295892616356,-3.2718135876321486,0.0,2.6818729281110003,0.029164267604735658,2.508398674565196,2.0596614460097302
2.6749999999999945,0.0,2.8734053601889,-0.18686980180333346,2.380679044571528,-3.277059784886773,0.0,2.4902357762780003,0.029297800825221362,2.504983846938738,2.0605473632616995
2.6999999999999944,0.0,2.6818729281110003,-0.18628440060694795,2.3587622117622846,-3.271127827696055,0.0,2.2987033442001,0.030600604616672147,2.4716674155525187,2.069190728188914
2.7249999999999943,0.0,2.8734053601889,-0.18681641610507874,2.3786803479464127,-3.27651882248904,0.0,2.8734053601889,0.02806383465797356,2.5365399027429616,2.052360696964289
2.7499999999999942,0.0,2.6164230811735,-0.1859026849362098,2.3444711954881496,-3.2672598557057624,0.0,2.6164230811735,0.027623819422208692,2.547792354958667,2.049441445208339
2.774999999999994,0.0,3.0649377922668,-0.1875091107065487,2.4046141173822524,-3.2835379940382343,0.0,2.2987033442001,0.029252012689355095,2.5061547809627034,2.0602435849260976
2.799999999999994,0.0,2.8734053601889,-0.18778253465817576,2.4148506698624654,-3.2863085943956927,0.0,2.2987033442001,0.030563716805226224,2.4726107427419737,2.06894599846232
2.824999999999994,0.0,2.9901678871254,-0.18860407353676722,2.44560817069534,-3.2946333453497023,0.0,2.42949831832,0.030804246457395185,2.4664597093287735,2.070541776409045
2.849999999999994,0.0,3.2565749440998,-0.1906344639906306,2.5216237153883085,-3.3152075292193848,0.0,2.4902357762780003,0.03061899963765259,2.4711970020816247,2.069312768729462
2.874999999999994,0.0,3.0649377922668,-0.19124178725727137,2.5443610583900433,-3.32136156332506,0.0,2.4902357762780003,0.030469761202132628,2.4750134571224467,2.068322656275228
2.8999999999999937,0.0,3.1770926499789,-0.19230281493381454,2.584084730367335,-3.332113076485214,0.0,2.2426782752216003,0.03189437394147926,2.438582021403565,2.0777741545491675
2.9249999999999936,0.0,3.0649377922668,-0.1925578665400222,2.593633491022815,-3.3346975208506846,0.0,2.4902357762780003,0.0314972275093343,2.4487381952990934,2.0751393130132967
2.9499999999999935,0.0,3.0649377922668,-0.192759062846954,2.6011660398660896,-3.3367362623145427,0.0,2.4902357762780003,0.031177278630910757,2.4569202062241646,2.0730166335028772
2.9749999999999934,0.0,3.2565749440998,-0.19391213231556093,2.644335693192567,-3.3484204565388005,0.0,2.4902357762780003,0.030919521600985045,2.4635117931216013,2.071306561666446
2.9999999999999933,0.0,3.7377622187843,-0.19731849087833075,2.771865963075744,-3.382937491637051,0.0,2.6164230811735,0.029924416281523702,2.4889594916279756,2.0647046017446735
3.0249999999999932,0.0,3.2565749440998,-0.19750885000143584,2.778992497081141,-3.3848663416157274,0.0,2.4902357762780003,0.029910191361480445,2.489323263651901,2.064610227460808
3.049999999999993,0.0,3.4481073761777004,-0.1986528211655208,2.821821520716627,-3.3964583418310097,0.0,2.1071709121222,0.03228918516118737,2.4284855655914197,2.0803935032736534
3.074999999999993,0.0,3.4481073761777004,-0.1995552463348666,2.855607238603282,-3.4056027025746185,0.0,2.1071709121222,0.03420574876678521,2.3794735345542706,2.0931088167826837
3.099999999999993,0.0,3.0649377922668,-0.19827895754854566,2.8078242886442033,-3.3926698844388143,0.0,2.2987033442001,0.03455454279171759,2.370553870461566,2.095422867495005
3.124999999999993,0.0,2.8033478440270003,-0.1959148285825686,2.719313976474557,-3.3687138970084765,0.0,2.42949831832,0.034019333374708,2.384240711055917,2.091872056287579
3.149999999999993,0.0,2.8734053601889,-0.19441339017206855,2.6631019613222517,-3.3534996889223976,0.0,2.1071709121222,0.03559958976736554,2.3438290204970476,2.1023561620063718
3.1749999999999927,0.0,2.8734053601889,-0.19322897988644747,2.6187590582975577,-3.3414979459658927,0.0,2.4902357762780003,0.03448222133467603,2.3724033376475977,2.094943055608054
3.1999999999999926,0.0,2.6164230811735,-0.1909612421604076,2.533857521461085,-3.3185187009495722,0.0,2.2426782752216003,0.0351268897469908,2.355917316446702,2.0992200652248814
3.2249999999999925,0.0,2.8734053601889,-0.22122471482012454,2.5130145044494463,-3.9710551252256234,0.0,2.2987033442001,0.06681852027211559,2.3590245549719686,2.7760193398869486
3.2499999999999925,0.0,2.6164230811735,-0.21928490381114446,2.4403854289748415,-3.9513975067732408,0.0,2.2426782752216003,0.06651324259714596,2.366831381158505,2.7739939954892714
3.2749999999999924,0.0,3.2565749440998,-0.22107616087328125,2.5074483260869678,-3.9695485890680535,0.0,2.2987033442001,0.06591768968709379,2.3820613780273137,2.7700428393990104
3.2999999999999923,0.0,3.6396398082556,-0.22447682816979964,2.634765463935261,-4.00400793826486,0.0,2.4902357762780003,0.06424267386123424,2.4248963392079834,2.7589300585361505
3.324999999999992,0.0,3.6396398082556,-0.22715945269048904,2.7351997141425453,-4.031191229677828,0.0,2.6818729281110003,0.06169736826049564,2.489987107257312,2.7420433981636467
3.349999999999992,0.0,3.9246869816378003,-0.23075467965503157,2.8698008752382287,-4.067622054901477,0.0,2.6164230811735,0.060055249710019146,2.5319807907057017,2.7311488720820716
3.374999999999992,0.0,3.8311722403335002,-0.23310555775366829,2.957814881471033,-4.091443713004539,0.0,2.8734053601889,0.05712867120792833,2.606821800917915,2.711732682055999
3.399999999999992,0.0,3.7377622187843,-0.23447536865917154,3.0090989066642466,-4.105324123215365,0.0,2.8033478440270003,0.05520814521037899,2.6559351616872258,2.6989910803217128
3.424999999999992,0.0,3.8311722403335002,-0.23604062458371794,3.06770026949568,-4.121185026535887,0.0,2.8317268976591,0.05348383732424347,2.7000306622937438,2.687551274570252
3.4499999999999917,0.0,3.8311722403335002,-0.23727537942216678,3.113928012302198,-4.13369691567211,0.0,3.0649377922668,0.050639386936086314,2.7727714209632763,2.6686799580425413
3.4749999999999917,0.0,3.5508374559308002,-0.23679483237105728,3.0959367408045066,-4.128827441327431,0.0,2.8033478440270003,0.049980251777833065,2.7896273983687845,2.6643069697644286
3.4999999999999916,0.0,4.4058742563223,-0.24085231343522584,3.2478444779421722,-4.1699424231738735,0.0,3.0649377922668,0.04781683037960753,2.8449522915308854,2.6499538946821755
3.5249999999999915,0.0,3.6396398082556,-0.24007727987511662,3.2188276977020753,-4.162088810786175,0.0,2.8734053601889,0.047269162922878874,2.8589577199484437,2.6463204314408255
3.5499999999999914,0.0,3.4481073761777004,-0.2384720721080324,3.158730527875884,-4.145823055859772,0.0,3.0649377922668,0.04563272454819002,2.9008061450034193,2.6354635901067045
3.5749999999999913,0.0,4.0228093921665,-0.2401877799589366,3.2229649144107766,-4.1632085802515375,0.0,2.8734053601889,0.04550960484934066,2.903954668998314,2.634646760670371
3.599999999999991,0.0,3.3640174128324003,-0.2381229239510348,3.1456587893367,-4.142285090615245,0.0,2.9901678871254,0.044681779764840696,2.9251245318805807,2.629154610318812
3.624999999999991,0.0,4.2143418242444,-0.24090616524244632,3.2498605122232447,-4.170488077944424,0.0,3.2565749440998,0.04235239810631089,2.984693505127079,2.6137004829502404
3.649999999999991,0.0,3.8311722403335002,-0.24111357073168455,3.2576252995481227,-4.172589676123818,0.0,3.2565749440998,0.04047580300513605,3.0326834268152,2.6012503378200424
3.674999999999991,0.0,3.7377622187843,-0.24079249754592458,3.24560464882265,-4.1693361957569826,0.0,3.1770926499789,0.03945997781261226,3.058660991931394,2.5945109132815403
3.699999999999991,0.0,4.0228093921665,-0.2420182534624356,3.2914956507961897,-4.18175694372381,0.0,2.8734053601889,0.04053672020323726,3.031125599254477,2.60165448891129
3.7249999999999908,0.0,4.1115070247362,-0.24344542483439596,3.3449272905274827,-4.1962186222803926,0.0,2.9901678871254,0.04067552731957956,3.0275759029784606,2.6025753954735396
3.7499999999999907,0.0,4.1115070247362,-0.24457125147927994,3.387076892184288,-4.207626731589843,0.0,2.9901678871254,0.040787353028151785,3.0247161987227367,2.603317295684267
3.7749999999999906,0.0,4.1115070247362,-0.24545936093157683,3.4203266467640665,-4.216626029800228,0.0,2.9901678871254,0.04087744199065399,3.0224123654383277,2.6039149849018712
3.7999999999999905,0.0,4.2143418242444,-0.2466935300935117,3.4665325231623125,-4.229132000732062,0.0,3.0649377922668,0.040483430036746856,3.0324883817302037,2.6013009388531314
3.8249999999999904,0.0,4.2143418242444,-0.24766710693263266,3.502982074376781,-4.23899734816573,0.0,3.2565749440998,0.03897012603260416,3.0711879075922077,2.591261024293921
3.8499999999999903,0.0,4.0228093921665,-0.2474413017754359,3.4945280867377506,-4.236709212109279,0.0,2.8734053601889,0.0401420860962393,3.041217525785904,2.5990363152294047
3.8749999999999902,0.0,4.485356550443201,-0.2496632102082008,3.5777139508810722,-4.259224097510768,0.0,3.3640174128324003,0.03802465556089504,3.0953663006126697,2.584988363461588
3.89999999999999,0.0,4.0228093921665,-0.24901593319016763,3.553480401633864,-4.2526651031721645,0.0,3.2565749440998,0.03698928956495791,3.121843580145017,2.5781192967651934
3.92499999999999,0.0,4.5974066884002,-0.2514867588984052,3.6459854965986724,-4.277702309177568,0.0,2.8734053601889,0.03854628576968468,3.0820267193371884,2.588449084317428
3.94999999999999,0.0,4.5974066884002,-0.2534358793660635,3.718958233269453,-4.297452933710829,0.0,3.2565749440998,0.03740952499137308,3.111096954412267,2.580907320694513
3.97499999999999,0.0,4.6721765935416,-0.2553614066367668,3.791047712968105,-4.316964498123047,0.0,2.9901678871254,0.03815619812613491,3.092002379752441,2.5858610738441725
3.99999999999999,0.0,4.4058742563223,-0.2554985877663121,3.7961834532336294,-4.31835452489885,0.0,3.2565749440998,0.037095262810140014,3.119133540172014,2.578822369197605
4.02499999999999,0.0,4.5974066884002,-0.2566006121054051,3.8374420379639576,-4.329521473915792,0.0,3.2565749440998,0.036240552715979146,3.1409909298983045,2.5731518520413545
4.04999999999999,0.0,4.7890438402332,-0.25846430304544044,3.9072165083694763,-4.348406463627204,0.0,3.0649377922668,0.0367478619877713,3.1280175760773243,2.576517561594841
4.07499999999999,0.0,4.6721765935416,-0.2593280859814695,3.9395554384149483,-4.357159240151455,0.0,2.9901678871254,0.03762314956083489,3.105633961167472,2.5823245986635253
4.099999999999991,0.0,4.7890438402332,-0.26061587442099815,3.9877687646407187,-4.370208542615934,0.0,3.2565749440998,0.03666582853403039,3.130115406887852,2.575973316113059
4.124999999999991,0.0,4.7890438402332,-0.2616317490552888,4.02580189466414,-4.380502497662546,0.0,3.0649377922668,0.03709047244573016,3.1192560435353904,2.5787905878443715
4.1499999999999915,0.0,4.2143418242444,-0.2594511427895918,3.944162268091751,-4.358406113070445,0.0,3.0649377922668,0.037432573827682836,3.1105075295277453,2.5810602366630677
4.174999999999992,0.0,4.2984317875897,-0.2581672832606363,3.8960961540331294,-4.345396654900159,0.0,3.1770926499789,0.03700829328719203,3.1213576004354007,2.578245375693899
4.199999999999992,0.0,4.2143418242444,-0.25671818941612584,3.841843765893897,-4.33071283456792,0.0,3.0649377922668,0.037366368701616706,3.112200584579033,2.5806210031665238
4.2249999999999925,0.0,4.2143418242444,-0.25557506926492635,3.7990467160657886,-4.319129488501297,0.0,3.0649377922668,0.03765484120938248,3.1048235147741563,2.5825348547936047
4.249999999999993,0.0,4.2143418242444,-0.2546733178132225,3.7652862213614835,-4.309991954603261,0.0,3.0649377922668,0.03788724026382927,3.0988804040752567,2.584076690831742
4.274999999999993,0.0,4.1115070247362,-0.2534283871466842,3.718677447115404,-4.297376936313729,0.0,2.9901678871254,0.038541054826968776,3.0821604895532158,2.5884143799764923
4.299999999999994,0.0,4.2143418242444,-0.25297990423412164,3.701886844447114,-4.292832432482998,0.0,3.0649377922668,0.038601191164601506,3.0806226308370266,2.5888133505005673
4.324999999999994,0.0,4.2984317875897,-0.25306244038335385,3.704976948625515,-4.293668792696904,0.0,3.1770926499789,0.03794975410858342,3.097281745679773,2.584491434768326
4.349999999999994,0.0,4.2143418242444,-0.2526912291088851,3.6910791933831812,-4.289907259767972,0.0,3.0649377922668,0.0381248278226768,3.0928046084302467,2.5856529496565304
4.374999999999995,0.0,4.2143418242444,-0.2523983976795463,3.6801159352692645,-4.286939970824896,0.0,3.0649377922668,0.03826587060672809,3.0891977397151695,2.586588688607307
4.399999999999995,0.0,4.2143418242444,-0.2521673973194902,3.6714675583604954,-4.284599222033771,0.0,3.0649377922668,0.03837949741263731,3.0862919762322303,2.5873425380782797
4.424999999999995,0.0,3.8311722403335002,-0.24999700469336714,3.590210431130393,-4.262606363984396,0.0,2.8734053601889,0.03966626420989676,3.053385656806164,2.5958795066363414
4.449999999999996,0.0,3.7377622187843,-0.2478002031336692,3.5079647558536484,-4.2403459482053885,0.0,2.9901678871254,0.03997427106692443,3.045509037636627,2.597922957601593
4.474999999999996,0.0,3.6396398082556,-0.24555812111823117,3.42402383175013,-4.217626700471515,0.0,3.0649377922668,0.0397558180008402,3.0510955093948957,2.5964736452937243
4.4999999999999964,0.0,4.7890438402332,-0.24975341122898942,3.5810911481213923,-4.260138161862757,0.0,3.0649377922668,0.039579827968394196,3.0555960795337,2.5953060511525856
4.524999999999997,0.0,3.4481073761777004,-0.2461051121850788,3.4445024094896715,-4.223169382630838,0.0,3.2565749440998,0.038242166658216184,3.089803917698566,2.586431426340508
4.549999999999997,0.0,3.6396398082556,-0.2442209433395964,3.3739614966913454,-4.204076949864446,0.0,2.8734053601889,0.039555627887123634,3.0562149450540232,2.59514549732643
4.5749999999999975,0.0,3.3640174128324003,-0.2413044840450075,3.2647725900411046,-4.174524144017555,0.0,3.1770926499789,0.03871866686761111,3.0776184400111,2.5895927352227304
4.599999999999998,0.0,3.6396398082556,-0.24043396207428425,3.232181452188522,-4.16570310569964,0.0,2.8734053601889,0.039939505709545575,3.0463980875847145,2.5976923091551645
4.624999999999998,0.0,3.6396398082556,-0.23974725341138436,3.2064719020316303,-4.158744620993789,0.0,2.6818729281110003,0.042118264025329324,2.990680985431117,2.612147135994739
4.649999999999999,0.0,4.1115070247362,-0.2416539394262514,3.2778562217523137,-4.178065328915512,0.0,2.8033478440270003,0.04311546967915332,2.965179575349004,2.6187630304446246
4.674999999999999,0.0,3.8311722403335002,-0.2417034518434605,3.279709742120884,-4.178566997972781,0.0,2.8734053601889,0.043481655441309455,2.9558151546288913,2.6211924654785737
4.699999999999999,0.0,4.0228093921665,-0.24273686182112464,3.318399487371503,-4.1890386711050995,0.0,2.8734053601889,0.04377666180269103,2.9482709954379516,2.62314966552201
4.725,0.0,4.0228093921665,-0.24355207069151608,3.348919931447492,-4.197299260731233,0.0,2.8734053601889,0.04401432465649939,2.9421932742847328,2.6247264238861976
4.75,0.0,4.1115070247362,-0.244655378058937,3.390226490603504,-4.208479194285453,0.0,2.8033478440270003,0.044642972945457715,2.926116933608969,2.628897149062133
4.775,0.0,4.2143418242444,-0.24605930741640386,3.4427879854724734,-4.222705361551137,0.0,3.0649377922668,0.04351701490128167,2.954910911772964,2.621427055458992
4.800000000000001,0.0,4.0228093921665,-0.24617298755117364,3.4470439207065295,-4.2238572624998145,0.0,3.0649377922668,0.04260992123454495,2.978107899766396,2.6154090029816697
4.825000000000001,0.0,4.0228093921665,-0.2462626618415932,3.4504012187742905,-4.224765940680292,0.0,2.8734053601889,0.04307437579645619,2.966230463850064,2.6184903958185686
4.850000000000001,0.0,3.9246869816378003,-0.24582426970980698,3.4339882843960785,-4.220323655431291,0.0,2.9901678871254,0.042719911947228226,2.9752951216208636,2.616138729034539
4.875000000000002,0.0,4.4058742563223,-0.24797519860548078,3.514516770641237,-4.24211930137271,0.0,2.8734053601889,0.043162986450642954,2.963964435151335,2.619078277298178
4.900000000000002,0.0,4.0228093921665,-0.24768434258884453,3.503627243804729,-4.239171967968496,0.0,3.0649377922668,0.04232470903943317,2.9854015940211354,2.6135167816816027
4.9250000000000025,0.0,4.2143418242444,-0.24844870794541085,3.5322442805007666,-4.246917386148916,0.0,3.2565749440998,0.040453496155154686,3.03325387697946,2.6011023445105153
4.950000000000003,0.0,4.485356550443201,-0.2504579059481039,3.607466407911508,-4.267276825619366,0.0,2.9901678871254,0.04060848041017301,3.0292904848452875,2.6021305772215255
4.975000000000003,0.0,4.3785424002412,-0.251488636180701,3.6460556507844264,-4.277721296716826,0.0,3.1014849867967005,0.040038682570524065,3.043861850659067,2.5983502914293157
5.0000000000000036,0.0,4.2143418242444,-0.25144973312294744,3.644599070086131,-4.277327061938182,0.0,3.2565749440998,0.03861182883673095,3.0803505950362196,2.588883925427164
5.025000000000004,0.0,4.2143418242444,-0.2514190423541949,3.643450044449033,-4.2770160694364225,0.0,3.0649377922668,0.038658208081279635,3.079164544665658,2.589191625434289
5.050000000000004,0.0,4.2984317875897,-0.2518311529595047,3.6588790216703746,-4.281192039205252,0.0,2.8033478440270003,0.04032798141564169,3.0364636490358277,2.600269625336769
5.075000000000005,0.0,4.2143418242444,-0.25171992681773897,3.6547147985218733,-4.28006496054703,0.0,3.0649377922668,0.04004077392691037,3.043808368674923,2.598364166393914
5.100000000000005,0.0,4.4058742563223,-0.25262599711614764,3.6886370985809527,-4.289246288486546,0.0,3.0649377922668,0.03980939399633428,3.0497254174520387,2.5968290916651755
5.125000000000005,0.0,4.0228093921665,-0.25135312955246525,3.6409822351634977,-4.276348137944622,0.0,2.8734053601889,0.04081821666658511,3.023926926923355,2.6035220584366097
5.150000000000006,0.0,3.7377622187843,-0.24886998595461202,3.548016143842401,-4.251186160074797,0.0,2.9901678871254,0.04090230633716714,3.0217765127489304,2.6040799457516903
5.175000000000006,0.0,3.6396398082556,-0.24640202034508615,3.4556184084213086,-4.226178012229699,0.0,2.8734053601889,0.041698688072933074,3.0014107465215116,2.6093634873016636
5.200000000000006,0.0,3.6396398082556,-0.24445516202790013,3.3827303639569353,-4.206450310284326,0.0,3.0649377922668,0.041145041829398654,3.015569069675398,2.605690358197352
5.225000000000007,0.0,3.5508374559308002,-0.2424586085215007,3.3079817387600983,-4.186219027964381,0.0,2.8033478440270003,0.042331422977908026,2.9852298993475235,2.6135613248592025
5.250000000000007,0.0,3.8311722403335002,-0.24233820883615706,3.303474283945287,-4.184999051424416,0.0,3.0649377922668,0.04165478535668615,3.0025334649569166,2.6090722176565047
5.2750000000000075,0.0,4.0228093921665,-0.24323759049693977,3.3371461694824207,-4.194112602774779,0.0,2.8734053601889,0.042304899784333785,2.985908173516642,2.6133853584990465
5.300000000000008,0.0,4.2143418242444,-0.24494088319921153,3.4009155218456772,-4.21137226175105,0.0,2.8734053601889,0.04282864459261404,2.9725145158660413,2.616860108523809
5.325000000000008,0.0,4.5974066884002,-0.24827215411418976,3.5256345422548114,-4.245128410761384,0.0,3.0649377922668,0.04205535674562298,2.9922897050890875,2.6117297818397143
5.3500000000000085,0.0,4.1115070247362,-0.248378827679265,3.529627986384363,-4.246209266202094,0.0,2.8033478440270003,0.04306479035290618,2.9664755911471294,2.618426801832239
5.375000000000009,0.0,4.0228093921665,-0.248002742097966,3.5155477402126887,-4.242398340714605,0.0,2.8734053601889,0.043440827191882636,2.956859250124733,2.6209215931788123
5.400000000000009,0.0,4.5974066884002,-0.25068750211222657,3.616062279456988,-4.269603363549985,0.0,3.0649377922668,0.04254854293629559,2.9796775189796683,2.615001792752585
5.42500000000001,0.0,3.7377622187843,-0.24834491228191363,3.5283580141972997,-4.245865538218472,0.0,2.8033478440270003,0.04346211072588112,2.9563149690863417,2.621062797366718
5.45000000000001,0.0,4.0228093921665,-0.2479759832294366,3.5145459202118596,-4.242127190534563,0.0,2.8734053601889,0.04376091620038805,2.9486736556713606,2.6230452023729205
5.47500000000001,0.0,4.0228093921665,-0.2476849567495674,3.5036502372459473,-4.23917819131772,0.0,2.8734053601889,0.044001639693501515,2.9425176651885048,2.624642266344597
5.500000000000011,0.0,3.6396398082556,-0.2454672124600099,3.42062032042998,-4.216705514323842,0.0,2.8734053601889,0.0441955712144495,2.9375582797050166,2.625928892095464
5.525000000000011,0.0,4.5974066884002,-0.24868734228017472,3.5411786900920985,-4.249335552245041,0.0,3.0649377922668,0.0431565793781471,2.9641282823810493,2.6190357700025313
5.550000000000011,0.0,3.7377622187843,-0.2467670842379292,3.469286021329875,-4.229877255405132,0.0,2.8033478440270003,0.04395195669161936,2.943788202113379,2.624312647779876
5.575000000000012,0.0,3.8311722403335002,-0.2457369564657485,3.4307193259506987,-4.2194388869441655,0.0,2.8734053601889,0.04415554562328805,2.9385818489257582,2.62566334497847
5.600000000000012,0.0,3.8311722403335002,-0.24492434033113736,3.400295950798785,-4.211204569758409,0.0,3.2565749440998,0.04192845366232309,2.9955349810823084,2.6108878517910283
5.625000000000012,0.0,4.1115070247362,-0.24573789191253675,3.4307545132114177,-4.219448410928863,0.0,2.9901678871254,0.041796734821901604,2.9989034098024505,2.610013971923109
5.650000000000013,0.0,4.196120586857,-0.24681870424762908,3.4712188828830453,-4.230400399508638,0.0,2.9190631734125003,0.04213433690970601,2.990269955656792,2.612253770474708
5.675000000000013,0.0,4.2143418242444,-0.24776585045892074,3.5066789137774785,-4.239997925782715,0.0,3.0649377922668,0.04149600899268044,3.0065938321985177,2.608018826451402
5.7000000000000135,0.0,4.6721765935416,-0.25088859398524066,3.6235909624957774,-4.271641058780762,0.0,2.9901678871254,0.04144834899790245,3.007812635026637,2.6077026293924916
5.725000000000014,0.0,4.5974066884002,-0.2529640173231131,3.701292283331779,-4.292671510399045,0.0,2.8734053601889,0.042138590644673166,2.990161175447285,2.6122819915958946
5.750000000000014,0.0,4.2143418242444,-0.252613591720376,3.6881725425116865,-4.289120552668428,0.0,3.0649377922668,0.041499435884183616,3.006506196749204,2.6080415619346895
5.775000000000015,0.0,4.2143418242444,-0.09874231089889693,3.6967727706929163,-1.000559546535349,0.0,3.0649377922668,-0.11662492169353553,2.9824339069131374,-0.773740270376872
5.800000000000015,0.0,3.9246869816378003,-0.09825670513044701,3.6786157129102395,-0.9956452416954968,0.0,2.9901678871254,-0.11261495574674503,2.8798875707574583,-0.7471364185089158
5.825000000000015,0.0,3.2565749440998,-0.09440747146415893,3.53450461930344,-0.9566404807334488,0.0,1.5324688961334,-0.100287917012811,2.5646498174842898,-0.6653535015815651
5.850000000000016,0.0,2.4902357762780003,-0.08739465582890063,3.2719527464657685,-0.885578824634136,0.0,0.9577668801446001,-0.08677068122135165,2.218975310143959,-0.5756743015994037
5.875000000000016,0.0,1.9156384800443,-0.078881143154522,2.953216686263933,-0.7993104923746623,0.0,0.3831695839109,-0.0722952530531153,1.8487970741650452,-0.47963803815370976
5.900000000000016,0.0,1.4950839435627,-0.0699830945454917,2.6200841518714184,-0.7091456453638341,0.0,0.0,-0.05824245984712025,1.4894268269361925,-0.3864057181980354
5.925000000000017,0.0,0.9577668801446001,-0.0601758557923385,2.252912558207402,-0.6097678687234768,0.0,0.0,-0.04692125673242459,1.1999111767304425,-0.3112959506524582
5.950000000000017,0.0,0.5747020159888001,-0.05045177476763798,1.8888543812625513,-0.5112327620844817,0.0,0.1915324320779,-0.038995902479085194,0.997237126409747,-0.2587157160561981
5.975000000000017,0.0,0.3831695839109,-0.04178710692861126,1.5644594784824428,-0.4234328215605909,0.0,0.0,-0.031415856344973944,0.8033935955692875,-0.20842640516300548
6.000000000000018,0.0,0.18692476285350001,-0.033933709248469224,1.2704375563573684,-0.34385355856493177,0.0,0.0,-0.025309223973382308,0.6472294826461743,-0.16791235967952114
6.025000000000018,0.0,0.0,-0.026768642138396623,1.0021859121464158,-0.2712492167126183,0.0,0.0,-0.020389602342872598,0.5214206405387091,-0.13527345784760125
6.0500000000000185,0.0,0.0,-0.021116469588088486,0.790575339086235,-0.21397521046785964,0.0,0.0,-0.016426259617351557,0.4200665941054295,-0.10897892467816063
6.075000000000019,0.0,0.0,-0.01665774773180828,0.6236461311182369,-0.16879455450473535,0.0,0.0,-0.013233313748806562,0.33841380598403065,-0.08779553811205254
6.100000000000019,0.0,0.0,-0.013140480625278714,0.49196386179751633,-0.1331537497645396,0.0,0.0,-0.01066101454949413,0.272632734160845,-0.07072979050902274
6.1250000000000195,0.0,0.0,-0.010365881020854003,0.38808617457588246,-0.10503846601200771,0.0,0.0,-0.008588720359991135,0.2196382252192319,-0.056981292819976166
6.15000000000002,0.0,0.0,-0.008177135403388042,0.30614215919569127,-0.08285969686671142,0.0,0.0,-0.0069192399165824685,0.17694481965248293,-0.04590523608325514
6.17500000000002,0.0,0.0,-0.006450541277757531,0.24150054234584523,-0.06536395308799003,0.0,0.0,-0.00557427404974652,0.14255018301390007,-0.03698214967703625
6.200000000000021,0.0,0.0,-0.005088515809437822,0.19050793953555623,-0.05156241845974459,0.0,0.0,-0.004490743427931997,0.1148411957875098,-0.029793537980160854
6.225000000000021,0.0,0.0,-0.004014080683768618,0.15028237482841222,-0.04067506434072017,0.0,0.0,-0.0036178301166286354,0.09251829756415779,-0.02400225279295944
6.250000000000021,0.0,0.0,-0.003166511481780083,0.1185503986822144,-0.032086564372720096,0.0,0.0,-0.002914594200901064,0.07453453724052041,-0.019336680978296446
6.275000000000022,0.0,0.0,-0.0024979056860490022,0.09351859819728449,-0.025311517754970606,0.0,0.0,-0.0023480536902164596,0.060046470675771735,-0.015578005718116988
6.300000000000022,0.0,0.0,-0.0019704753487545627,0.07377223784990294,-0.019967015590017193,0.0,0.0,-0.0018916376524850858,0.04837460289021766,-0.012549943934332059
6.325000000000022,0.0,0.0,-0.0015544114102205727,0.058195302135534824,-0.015750999818795835,0.0,0.0,-0.0015239400288029254,0.038971519532295634,-0.01011047855578244
6.350000000000023,0.0,0.0,-0.001226198964504206,0.04590742112956844,-0.012425191645352586,0.0,0.0,-0.0012277156824071897,0.031396212969496615,-0.008145197871943887
6.375000000000023,0.0,0.0,-0.0009672882550044004,0.03621411415408196,-0.009801624607950915,0.0,0.0,-0.0009890715962179587,0.0252933988886197,-0.006561929586921014
6.4000000000000234,0.0,0.0,-0.0007630462880449194,0.028567539445603526,-0.007732021179015205,0.0,0.0,-0.0007968152858706301,0.020376853347261702,-0.005286417909137079
6.425000000000024,0.0,0.0,-0.0006019298122217779,0.022535531492052917,-0.0060994124855836395,0.0,0.0,-0.0006419298686009175,0.016415988778899514,-0.0042588409308363445
6.450000000000024,0.0,0.0,-0.00047483292235085944,0.017777176105639916,-0.0048115275175736084,0.0,0.0,-0.0005171511685443432,0.013225039361887974,-0.003431004961378028
6.4750000000000245,0.0,0.0,-0.00037457241620254795,0.01402354279518018,-0.0037955781982422854,0.0,0.0,-0.0004166270245528149,0.010654348542702358,-0.0027640842276513296
