t,i_izq,vel_izq,i_izq_est,vel_izq_est,u_izq,ref_vel_izq,i_der,vel_der,i_der_est,vel_der_est,u_der,ref_vel_der
0.0,0.0029500000000000004,0.0,0.0009470500939418547,0.0001948903164938234,-0.0029791353151195346,0.0,0.00347,0.0,0.0011139877376197408,0.00022924386380798888,-0.0035042710316829776,0.0
0.01,0.0029500000000000004,-0.0,0.00081944767787637,0.0003014246328416376,-0.003244565511777139,0.0,0.0035800000000000003,-0.0,0.0009770308186845555,0.0003592803791976486,-0.003867959155175868,0.0
0.02,0.0030499999999999998,-0.0,0.0005837084850448306,0.00035154622849629263,-0.0029982953149684665,0.0,0.0035800000000000003,-0.0,0.0006932114412296053,0.00041752560778538194,-0.003560921085950765,0.0
0.03,0.0030499999999999998,-0.0,0.0003698048552519927,0.0003578880130748039,-0.0025783060427211546,0.0,0.0035800000000000003,-0.0,0.0004383016225779368,0.0004243175889105661,-0.0030565739242291766,0.0
0.04,0.0030499999999999998,-0.0,0.00021010139722506689,0.0003378456669375851,-0.002140315874242652,0.0,0.0035800000000000003,-0.0,0.00024868692893121897,0.0004001527643346237,-0.002534700097449654,0.0
0.05,0.0030499999999999998,-0.0,0.00010188251813497514,0.00030489670040423984,-0.0017462667186843982,0.0,0.0035800000000000003,-0.0,0.00012044348957417846,0.00036089741417470744,-0.002066684586313627,0.0
0.060000000000000005,0.0030499999999999998,-0.0,3.326978500416454e-05,0.0002676871967541741,-0.0014144842444612433,0.0,0.0035800000000000003,-0.0,3.9231859943743545e-05,0.0003167184258644355,-0.0016732914024115185,0.0
0.07,0.0030499999999999998,-0.0,7.652255680428934e-06,0.0002310535977336735,-0.0011440855743321868,0.0,0.0035800000000000003,-0.0,9.16104917363757e-06,0.00027329388744049677,-0.0013530106829471567,0.0
0.08,0.0030499999999999998,-0.0,3.0260409403740664e-05,0.0001973585365055314,-0.000927127912061223,0.0,0.0035800000000000003,-0.0,3.587426577312658e-05,0.00023339007906582682,-0.001096204175148519,0.0
0.09,0.0030499999999999998,-0.0,4.123061828775613e-05,0.0001675255128871826,-0.0007541468791220835,0.0,0.0035800000000000003,-0.0,4.882217291272442e-05,0.00019808124018937088,-0.0008915484534818066,0.0
0.09999999999999999,0.00297,-0.0,4.508705303218747e-05,0.00014168234484242918,-0.00061622778234674,0.0,0.0035800000000000003,-0.0,5.334496066981286e-05,0.00016753464725558138,-0.0007286032662023805,0.0
0.10999999999999999,0.00297,-0.0,4.4756104546782225e-05,0.00011964024885422478,-0.0005062411322649908,0.0,0.0035800000000000003,-0.0,5.293195787022468e-05,0.00014147181644875022,-0.0005985995780316437,0.0
0.11999999999999998,0.00297,-0.0,4.212602120098226e-05,0.00010099885920488966,-0.00041818786556981763,0.0,0.0035800000000000003,-0.0,4.980829615485896e-05,0.00011942469532097103,-0.0004944868241979156,0.0
0.12999999999999998,0.00297,-0.0,3.8372362258827426e-05,8.53142519493348e-05,-0.0003473556228306052,0.0,0.0035800000000000003,-0.0,4.5360318309810557e-05,0.00010087153498031916,-0.0004107165983454724,0.0
0.13999999999999999,0.00297,-0.0,3.420731747765066e-05,7.215583137389521e-05,-0.0002900777621764934,0.0,0.0035800000000000003,-0.0,4.0428351118125155e-05,8.530498700013757e-05,-0.0003429661725905581,0.0
0.15,0.00297,-0.0,3.0046281055348028e-05,6.113206508824077e-05,-0.00024351073057388424,0.0,0.0035800000000000003,-0.0,3.550268920658785e-05,7.226306373274194e-05,-0.0002878799841714281,0.0
0.16,0.00297,-0.0,2.6117393116710717e-05,5.189963297643351e-05,-0.00020544861813597538,0.0,0.0035800000000000003,-0.0,3.085264667234143e-05,6.134028833947145e-05,-0.00024285302645431903,0.0
0.17,0.00297,-0.0,2.2532783687564557e-05,4.4164076772593294e-05,-0.00017417592926446406,0.0,0.00367,-0.0,2.6596532148414385e-05,5.2174425225578726e-05,-0.00020581640461825307,0.0
0.18000000000000002,0.00292,-0.0,1.9342204526280086e-05,3.768390748961034e-05,-0.0001483749202569784,0.0,0.00367,-0.0,2.2801284329663527e-05,4.448885444754048e-05,-0.00017523965826040963,0.0
0.19000000000000003,0.00292,-0.0,1.6537173780546324e-05,3.2240936897414016e-05,-0.00012696786214481102,0.0,0.00367,-0.0,1.9467418449061644e-05,3.8036171121249826e-05,-0.0001498793404034057,0.0
0.20000000000000004,0.00292,-0.0,1.40968510430789e-05,2.7661756071307363e-05,-0.0001091279932970972,0.0,0.00367,-0.0,1.6569133489632366e-05,3.2610233776372875e-05,-0.00012875479939432124,0.0
0.21000000000000005,0.00292,-0.0,1.1989258222799342e-05,2.3802458901640267e-05,-9.420022871571393e-05,0.0,0.00367,-0.0,1.4067727258303486e-05,2.8039939071998728e-05,-0.0001110885812066004,0.0
0.22000000000000006,0.00292,-0.0,1.0178190359505834e-05,2.0543879625567778e-05,-8.166264709498398e-05,0.0,0.00367,-0.0,1.1919695271584182e-05,2.4183580465441184e-05,-9.626099363876917e-05,0.0
0.23000000000000007,0.00292,-0.0,8.627240433825538e-06,1.7787434664750557e-05,-7.10971086329778e-05,0.0,0.00367,-0.0,1.0081440450461328e-05,2.092391620258572e-05,-8.377539150169237e-05,0.0
0.24000000000000007,0.00292,-0.0,7.302007527954387e-06,1.5451572064783065e-05,-6.216676131331522e-05,0.0,0.00367,-0.0,8.511849426299813e-06,1.8163954280329838e-05,-7.323156854501705e-05,0.0
0.25000000000000006,0.00292,-0.0,6.1711810969543956e-06,1.346878449757498e-05,-5.459875117725175e-05,0.0,0.0035299999999999997,-0.0,7.193726180566833e-06,1.5834820602643387e-05,-6.43199929726232e-05,0.0
0.26000000000000006,0.00292,-0.0,5.2069471201202125e-06,1.1783121930746706e-05,-4.8170874116664774e-05,0.0,0.0035299999999999997,-0.0,6.067836406781334e-06,1.3854169895998694e-05,-5.6752285365297684e-05,0.0
0.2700000000000001,0.0029500000000000004,-0.0,4.380750855534687e-06,1.0346156150467206e-05,-4.270026193882356e-05,0.0,0.0035299999999999997,-0.0,5.106768437640635e-06,1.2167868690064235e-05,-5.031451368852729e-05,0.0
0.2800000000000001,0.0029500000000000004,-0.0,3.6771279035744277e-06,9.122092741560146e-06,-3.8039836722412594e-05,0.0,0.0035299999999999997,-0.0,4.286646062426179e-06,1.0730785282665572e-05,-4.483048078381494e-05,0.0
0.2900000000000001,0.0029500000000000004,-0.0,3.0777278029150773e-06,8.078481545068223e-06,-3.4065410244628694e-05,0.0,0.0035299999999999997,-0.0,3.5868693637057477e-06,9.505217106686632e-06,-4.015437473441872e-05,0.0
0.3000000000000001,0.0029500000000000004,-0.0,2.5669486172841067e-06,7.188219801287748e-06,-3.067384078214487e-05,0.0,0.0035299999999999997,-0.0,2.9897817470925368e-06,8.459596166683946e-06,-3.616497147960178e-05,0.0
0.3100000000000001,0.0029500000000000004,-0.0,2.131565718468739e-06,6.428607017159778e-06,-2.777907120294379e-05,0.0,0.0035299999999999997,-0.0,2.480316581202638e-06,7.567425529039467e-06,-3.276104074822177e-05,0.0
0.3200000000000001,0.0029500000000000004,-0.0,1.7603891810583116e-06,5.7805743636295035e-06,-2.530898303356739e-05,0.0,0.0035299999999999997,-0.0,2.0456538880556303e-06,6.806406558657712e-06,-2.985768860781883e-05,0.0
0.3300000000000001,0.0029500000000000004,-0.0,1.4439577784227476e-06,5.22805600638442e-06,-2.3202885939571605e-05,0.0,0.0037,-0.0,1.6517691380532124e-06,6.152440222601283e-06,-2.7405771316962536e-05,0.0
0.34000000000000014,0.0029500000000000004,-0.0,1.1742715846991666e-06,4.757475676815434e-06,-2.1409504343145844e-05,0.0,0.0037,-0.0,1.3201469741484554e-06,5.598951930098418e-06,-2.5326891526023437e-05,0.0
0.35000000000000014,0.00292,-0.0,9.486028091080899e-07,4.357999648479413e-06,-1.9880198022362372e-05,0.0,0.0037,-0.0,1.040758920172197e-06,5.131202022716394e-06,-2.356821659108165e-05,0.0
0.36000000000000015,0.00292,-0.0,7.55822349385188e-07,4.018490397401556e-06,-1.8582547554894583e-05,0.0,0.0037,-0.0,8.053749554937871e-07,4.736818017844832e-06,-2.2085001854698113e-05,0.0
0.37000000000000016,0.00292,-0.0,5.91459385839659e-07,3.7308243370864228e-06,-1.7485203702219615e-05,0.0,0.0037,-0.0,6.072052391068731e-07,4.40536673601546e-06,-2.0839198854042534e-05,0.0
0.38000000000000017,0.00292,-0.0,4.516613734822927e-07,3.488025855895377e-06,-1.656127585136973e-05,0.0,0.0037,-0.0,4.4061889771492705e-07,4.128012488427122e-06,-1.9798332901009926e-05,0.0
0.3900000000000002,0.00292,-0.0,3.3310927433403354e-07,3.284093358901573e-06,-1.578763753084078e-05,0.0,0.0037,-0.0,3.009224979451772e-07,3.897242507780139e-06,-1.893459225615504e-05,0.0
0.4000000000000002,0.00292,-0.0,2.329429343490357e-07,3.113853223978637e-06,-1.5144350670751168e-05,0.0,0.0037,-0.0,1.8418483576995063e-07,3.7066451795790473e-06,-1.8224084606182713e-05,0.0
0.4100000000000002,0.00292,-0.0,1.4869610153748748e-07,2.972837079657911e-06,-1.4614186609286743e-05,0.0,0.0035800000000000003,-0.0,1.028773753274417e-07,3.551020453228135e-06,-1.7614353741045507e-05,0.0
0.4200000000000002,0.00292,-0.0,7.824027621561561e-08,2.8571785477798287e-06,-1.4182226186428381e-05,0.0,0.0035800000000000003,-0.0,3.2872054190823753e-08,3.4229153950105366e-06,-1.7118940717801143e-05,0.0
0.4300000000000002,0.0030499999999999998,-0.0,2.749597635834032e-09,2.76388443145389e-06,-1.3873205301731594e-05,0.0,0.0035800000000000003,-0.0,2.6553226974750202e-08,3.3191083972613173e-06,-1.672319334976733e-05,0.0
0.4400000000000002,0.0030499999999999998,-0.0,5.632632855455448e-08,2.692261863934729e-06,-1.3638336049941706e-05,0.0,0.0035800000000000003,-0.0,7.62462293314794e-08,3.2366786787390577e-06,-1.6414235507572356e-05,0.0
0.45000000000000023,0.0030499999999999998,-0.0,1.0217586207795499e-07,2.638871660451574e-06,-1.3467083222090108e-05,0.0,0.0035800000000000003,-0.0,1.1710192634262738e-07,3.172997607102138e-06,-1.6180757833201633e-05,0.0
0.46000000000000024,0.0030499999999999998,-0.0,1.372802355576394e-07,2.6008764813796665e-06,-1.3350440125754306e-05,0.0,0.0035800000000000003,-0.0,1.5001222661390198e-07,3.1257123977793092e-06,-1.6012829680966452e-05,0.0
0.47000000000000025,0.0030499999999999998,-0.0,1.635896437692592e-07,2.5759154817555554e-06,-1.3280671088498818e-05,0.0,0.0035800000000000003,-0.0,1.758349832710313e-07,3.092725808547309e-06,-1.5901731690190332e-05,0.0
0.48000000000000026,0.0030499999999999998,-0.0,1.8265254237817138e-07,2.5620089724263923e-06,-1.3251105829577768e-05,0.0,0.0035800000000000003,-0.0,1.953760707283383e-07,3.072174187491812e-06,-1.5839807691944243e-05,0.0
0.49000000000000027,0.0030499999999999998,-0.0,1.957109847223702e-07,2.5574852795245037e-06,-1.3255973563039508e-05,0.0,0.0036,-0.0,2.1195383226535072e-07,3.0627086260480556e-06,-1.5827293494135936e-05,0.0
0.5000000000000002,0.0030499999999999998,-0.0,2.0377125734899212e-07,2.560924116334097e-06,-1.329026784164085e-05,0.0,0.0036,-0.0,2.227288978009369e-07,3.0629342463790467e-06,-1.585118694814936e-05,0.0
0.5100000000000002,0.0030499999999999998,-0.0,2.0765650549698077e-07,2.5711123159220836e-06,-1.3349635427921823e-05,0.0,0.0036,-0.0,2.2860339713505401e-07,3.071420098326346e-06,-1.5906208046256732e-05,0.0
0.5200000000000002,0.0030299999999999997,-0.0,2.0548806946248148e-07,2.5866086948559754e-06,-1.3422870983694316e-05,0.0,0.0036,-0.0,2.3033402522021508e-07,3.0869296431449313e-06,-1.5987745823132116e-05,0.0
0.5300000000000002,0.0030299999999999997,-0.0,2.0134120864684223e-07,2.6065557836189494e-06,-1.3514276964046505e-05,0.0,0.0036,-0.0,2.2855982180422164e-07,3.1083912964266297e-06,-1.6091769115110625e-05,0.0
0.5400000000000003,0.0030299999999999997,-0.0,1.9540070725809257e-07,2.63031760760168e-06,-1.3621050109010271e-05,0.0,0.0036,-0.0,2.2382371535944804e-07,3.1348742756407014e-06,-1.6214750785023575e-05,0.0
0.5500000000000003,0.0030299999999999997,-0.0,1.878620528141205e-07,2.6573187550637103e-06,-1.3740713887654082e-05,0.0,0.0036,-0.0,2.1658938787992436e-07,3.1655686255284954e-06,-1.635360304251278e-05,0.0
0.5600000000000003,0.0030299999999999997,-0.0,1.7892054099290808e-07,2.6870420688189826e-06,-1.3871083892596554e-05,0.0,0.0036,-0.0,2.0725460515595998e-07,3.1997685645490863e-06,-1.6505621975128094e-05,0.0
0.5700000000000003,0.0030299999999999997,-0.0,1.6876444266361416e-07,2.7190252241216066e-06,-1.4010236222171013e-05,0.0,0.0035800000000000003,-0.0,1.9362487180088564e-07,3.2363263017533044e-06,-1.6660408383834778e-05,0.0
0.5800000000000003,0.0030299999999999997,-0.0,1.575709512310723e-07,2.7528567305376528e-06,-1.4156478843038723e-05,0.0,0.0035800000000000003,-0.0,1.7949248480978048e-07,3.2748880916835788e-06,-1.6824196494832646e-05,0.0
0.5900000000000003,0.0030299999999999997,-0.0,1.4550401129081899e-07,2.788171712364115e-06,-1.4308325814710875e-05,0.0,0.0035800000000000003,-0.0,1.6481979311442982e-07,3.3151237578604304e-06,-1.699524877543943e-05,0.0
0.6000000000000003,0.00292,-0.0,1.1881723560744611e-07,2.8213629841748773e-06,-1.441862653867383e-05,0.0,0.0035800000000000003,-0.0,1.4962112211218552e-07,3.3567194710729816e-06,-1.71720195731908e-05,0.0
0.6100000000000003,0.00292,-0.0,9.68413921053119e-08,2.8535451489464617e-06,-1.4533811011015131e-05,0.0,0.0035800000000000003,-0.0,1.3394270148349154e-07,3.399383134310144e-06,-1.7353139757537667e-05,0.0
0.6200000000000003,0.00292,-0.0,7.80713955618541e-08,2.8852319119704746e-06,-1.4653279598241918e-05,0.0,0.0035800000000000003,-0.0,1.1784895068499207e-07,3.4428470570464557e-06,-1.7537401179378507e-05,0.0
0.6300000000000003,0.00292,-0.0,6.146561685544913e-08,2.916728845319502e-06,-1.4776366485227127e-05,0.0,0.0035800000000000003,-0.0,1.0141322765172114e-07,3.486868834654617e-06,-1.7723741545294305e-05,0.0
0.6400000000000003,0.00292,-0.0,4.630902282353794e-08,2.948200802728482e-06,-1.4902389109423553e-05,0.0,0.0035800000000000003,-0.0,8.471169814771639e-08,3.531231068350972e-06,-1.791123006128679e-05,0.0
0.6500000000000004,0.00292,-0.0,3.211602588643182e-08,2.9797190822626137e-06,-1.5030679777465209e-05,0.0,0.0036,-0.0,7.033155059293162e-08,3.5764275359909695e-06,-1.810781125700511e-05,0.0
0.6600000000000004,0.00292,-0.0,1.8561601939755857e-08,3.0112942640143104e-06,-1.5160605059953187e-05,0.0,0.0036,-0.0,5.486302889337129e-08,3.6219354150748394e-06,-1.830365721946636e-05,0.0
0.6700000000000004,0.00292,-0.0,5.432521543877158e-09,3.0428989318551117e-06,-1.5291576874318527e-05,0.0,0.0036,-0.0,3.8671075680420663e-08,3.6674659802909155e-06,-1.8498088976054492e-05,0.0
0.6800000000000004,0.0030800000000000003,-0.0,1.263275801965945e-08,3.08033995609319e-06,-1.549479852035238e-05,0.0,0.0036,-0.0,2.2027247091722404e-08,3.7127933943190686e-06,-1.869054608698111e-05,0.0
0.6900000000000004,0.0030800000000000003,-0.0,1.2265528598618904e-08,3.120350344615458e-06,-1.569493740424461e-05,0.0,0.0036,-0.0,5.134784409821205e-09,3.75774005403431e-06,-1.888056601991747e-05,0.0
0.7000000000000004,0.0030800000000000003,-0.0,6.683775082854367e-09,3.161752508780009e-06,-1.5891050381355684e-05,0.0,0.0036,-0.0,1.1853311041276799e-08,3.8021657507575107e-06,-1.9067767897671413e-05,0.0
0.7100000000000004,0.0030800000000000003,-0.0,2.4402103165688577e-09,3.203719042034611e-06,-1.608251501150544e-05,0.0,0.0036,-0.0,2.882121376354109e-08,3.845959591365331e-06,-1.9251839525302205e-05,0.0
0.7200000000000004,0.0030800000000000003,-0.0,1.391919098493778e-08,3.245671941034223e-06,-1.626893665064794e-05,0.0,0.0036,-0.0,4.5680802074315885e-08,3.889033925213821e-06,-1.9432526901805467e-05,0.0
0.7300000000000004,0.0030800000000000003,-0.0,2.6911582260923565e-08,3.287210804488772e-06,-1.6450082363444407e-05,0.0,0.0036,-0.0,6.236476448192962e-08,3.931319734736396e-06,-1.9609625635326818e-05,0.0
0.7400000000000004,0.0030800000000000003,-0.0,4.082209656711651e-08,3.3280616694216582e-06,-1.662583387164407e-05,0.0,0.0035299999999999997,-0.0,8.754764935962394e-08,3.969942477086184e-06,-1.9750377530908644e-05,0.0
0.7500000000000004,0.0030800000000000003,-0.0,5.5230931536226107e-08,3.368040546146747e-06,-1.679615402076243e-05,0.0,0.0035299999999999997,-0.0,1.0904671931717958e-07,4.006542195727948e-06,-1.9888752120802935e-05,0.0
0.7600000000000005,0.0030800000000000003,-0.0,6.984330027140847e-08,3.4070274232419548e-06,-1.6961062853194487e-05,0.0,0.0035299999999999997,-0.0,1.2788979469772836e-07,4.04157407984956e-06,-2.002486406999325e-05,0.0
0.7700000000000005,0.0028799999999999997,-0.0,1.0933658598247277e-07,3.436585502081553e-06,-1.7026067710446763e-05,0.0,0.0035299999999999997,-0.0,1.448010175981624e-07,4.075347918241392e-06,-2.0158739375036584e-05,0.0
0.7800000000000005,0.0028799999999999997,-0.0,1.3890304678600924e-07,3.461804316463787e-06,-1.7090251412169736e-05,0.0,0.0035299999999999997,-0.0,1.6028938107431612e-07,4.108072302870557e-06,-2.0290350332149406e-05,0.0
0.7900000000000005,0.0028799999999999997,-0.0,1.614776312311432e-07,3.4840550477969618e-06,-1.715429985085574e-05,0.0,0.0035299999999999997,-0.0,1.7471166456076652e-07,4.139885836541467e-06,-2.0419639308030345e-05,0.0
0.8000000000000005,0.0028799999999999997,-0.0,1.7913578438913975e-07,3.5042845040965314e-06,-1.7218583456733e-05,0.0,0.0035299999999999997,-0.0,1.883171493402893e-07,4.170879116502329e-06,-2.054653467807265e-05,0.0
0.8100000000000005,0.0028799999999999997,-0.0,1.9334246136978898e-07,3.5231407911069803e-06,-1.7283262264354338e-05,0.0,0.0035299999999999997,-0.0,2.0127936647458186e-07,4.201110176195982e-06,-2.0670961305965156e-05,0.0
0.8200000000000005,0.0028799999999999997,-0.0,2.0512932090215608e-07,3.541062423280332e-06,-1.7348359097570104e-05,0.0,0.0035499999999999998,-0.0,2.1123715146604692e-07,4.231494278199293e-06,-2.080250279547842e-05,0.0
0.8300000000000005,0.0028799999999999997,-0.0,2.1522077704010254e-07,3.5583414446946397e-06,-1.741381027232509e-05,0.0,0.0035499999999999998,-0.0,2.217359077768741e-07,4.261494197681853e-06,-2.0930972379527112e-05,0.0
0.8400000000000005,0.0028799999999999997,-0.0,2.241236381558063e-07,3.5751680806421835e-06,-1.7479500470235336e-05,0.0,0.0035499999999999998,-0.0,2.3252815128609421e-07,4.290983791647569e-06,-2.1056259391390647e-05,0.0
0.8500000000000005,0.0030499999999999998,-0.0,2.111279025385303e-07,3.599318198257358e-06,-1.7628223025587877e-05,0.0,0.0035499999999999998,-0.0,2.434379966716409e-07,4.319875619414619e-06,-2.1178296270118935e-05,0.0
0.8600000000000005,0.0030499999999999998,-0.0,2.0589007877452255e-07,3.625911233783055e-06,-1.777282557606697e-05,0.0,0.0035499999999999998,-0.0,2.543408120760881e-07,4.348110286011583e-06,-2.129704802379743e-05,0.0
0.8700000000000006,0.0030499999999999998,-0.0,2.059837191620343e-07,3.6538032365762437e-06,-1.7912689160958946e-05,0.0,0.0035499999999999998,-0.0,2.6514869378015105e-07,4.375648783502549e-06,-2.1412504453320896e-05,0.0
0.8800000000000006,0.0030499999999999998,-0.0,2.0969217924667077e-07,3.6822044498428804e-06,-1.8047474087176606e-05,0.0,0.0035499999999999998,-0.0,2.7580008981748936e-07,4.40246697430884e-06,-2.1524674368402367e-05,0.0
0.8900000000000006,0.0030499999999999998,-0.0,2.1580345971496613e-07,3.7105755743058253e-06,-1.8177032372476023e-05,0.0,0.0035499999999999998,-0.0,2.8625238189834395e-07,4.428551606420916e-06,-2.1633581247138824e-05,0.0
0.9000000000000006,0.0030499999999999998,-0.0,2.234641795324674e-07,3.7385540612791535e-06,-1.830134607849257e-05,0.0,0.0035499999999999998,-0.0,2.9647657727332085e-07,4.453897425469258e-06,-2.1739259946632182e-05,0.0
0.9100000000000006,0.0030499999999999998,-0.0,2.3207565217908574e-07,3.765901768649112e-06,-1.842048398329809e-05,0.0,0.0035499999999999998,-0.0,3.064535059972403e-07,4.4785050733247944e-06,-2.1841754183315266e-05,0.0
0.9200000000000006,0.0030499999999999998,-0.0,2.4121993855690915e-07,3.792467812111955e-06,-1.853457123725556e-05,0.0,0.0035499999999999998,-0.0,3.161710927567386e-07,4.502379551734667e-06,-2.1941114580804357e-05,0.0
0.9300000000000006,0.00292,-0.0,2.666658336575253e-07,3.812005693145781e-06,-1.8578931779629685e-05,0.0,0.0035499999999999998,-0.0,3.2562239617378674e-07,4.525529092795689e-06,-2.2037397139550008e-05,0.0
0.9400000000000006,0.00292,-0.0,2.8575188781496247e-07,3.828579504111931e-06,-1.8621842143400147e-05,0.0,0.0035499999999999998,-0.0,3.348041966595828e-07,4.547964323178663e-06,-2.21306620228565e-05,0.0
0.9500000000000006,0.00292,-0.0,3.003363005140058e-07,3.84307630995688e-06,-1.866383164959134e-05,0.0,0.0035499999999999998,-0.0,3.4371597670575836e-07,4.5696976411765e-06,-2.2220972582652026e-05,0.0
0.9600000000000006,0.00292,-0.0,3.117355707442696e-07,3.856114846034336e-06,-1.870522643578575e-05,0.0,0.0035499999999999998,-0.0,3.523591822545517e-07,4.59074274858487e-06,-2.230839456902852e-05,0.0
0.9700000000000006,0.00292,-0.0,3.208812663513371e-07,3.868124347860418e-06,-1.8746214156011036e-05,0.0,0.0035499999999999998,-0.0,3.60736685680934e-07,4.611114295789464e-06,-2.2392995482384447e-05,0.0
0.9800000000000006,0.00292,-0.0,3.28431564926301e-07,3.87940051022957e-06,-1.8786889371734213e-05,0.0,0.0035499999999999998,-0.0,3.688523936477646e-07,4.630827610118308e-06,-2.247484403766853e-05,0.0
0.9900000000000007,0.00292,-0.0,3.3485059979787853e-07,3.890145182465248e-06,-1.882728527909851e-05,0.0,0.0035499999999999998,-0.0,3.76710959295499e-07,4.64989848586617e-06,-2.2554009717924763e-05,0.0
1.0000000000000007,0.00292,-0.0,3.4046489053912236e-07,3.900494500788854e-06,-1.8867395777501752e-05,0.0,0.0035499999999999998,-0.0,3.8431756977813583e-07,4.668343020369167e-06,-2.263056239992514e-05,0.0
1.0100000000000007,0.00292,-0.0,3.4550346431233586e-07,3.910538802469371e-06,-1.890719072021014e-05,0.0,0.0035499999999999998,-0.0,3.9167778839419044e-07,4.686177484783359e-06,-2.2704572038747905e-05,0.0
1.0200000000000007,0.00292,-0.0,3.5012637110246726e-07,3.9203367011755955e-06,-1.8946626361027245e-05,0.0,0.0035499999999999998,-0.0,3.987974364380166e-07,4.703418221287423e-06,-2.277610840114349e-05,0.0
1.0300000000000007,0.00292,-0.0,3.5444494077743216e-07,3.929925016055698e-06,-1.8985652424185134e-05,0.0,0.0035499999999999998,-0.0,4.0568250409123206e-07,4.720081560632725e-06,-2.2845240839733873e-05,0.0
1.0400000000000007,0.00292,-0.0,3.5853616511938616e-07,3.939325758273207e-06,-1.902421680807107e-05,0.0,0.0035499999999999998,-0.0,4.1233908266961655e-07,4.736183755550777e-06,-2.291203810173092e-05,0.0
1.0500000000000007,0.00292,-0.0,3.6245290109332043e-07,3.9485510309219185e-06,-1.906226863778311e-05,0.0,0.0035499999999999998,-0.0,4.187733126819028e-07,4.751740926674075e-06,-2.2976568167091556e-05,0.0
1.0600000000000007,0.00292,-0.0,3.6623110262043463e-07,3.957606450775025e-06,-1.909976017176346e-05,0.0,0.00362,-0.0,4.163724450134868e-07,4.770259193710785e-06,-2.307463019190864e-05,0.0
1.0700000000000007,0.00292,-0.0,3.6989494001183227e-07,3.966493524264521e-06,-1.9136647918992744e-05,0.0,0.00362,-0.0,4.1722079216500195e-07,4.789352315894115e-06,-2.3168715474695205e-05,0.0
1.0800000000000007,0.00292,-0.0,3.73460418412916e-07,3.975211284844087e-06,-1.9172893217760632e-05,0.0,0.00362,-0.0,4.2024583322906036e-07,4.808547573854508e-06,-2.3258715743913353e-05,0.0
1.0900000000000007,0.00292,-0.0,3.7693793021649585e-07,3.983757409807389e-06,-1.9208462452299365e-05,0.0,0.00362,-0.0,4.2469279287040316e-07,4.827527536158695e-06,-2.334463133250143e-05,0.0
1.1000000000000008,0.0030299999999999997,-0.0,3.6679969328170434e-07,3.997673660188378e-06,-1.9299759043937692e-05,0.0,0.00362,-0.0,4.300324317953864e-07,4.846083919474905e-06,-2.3426534260797663e-05,0.0
1.1100000000000008,0.0030299999999999997,-0.0,3.6202392476810986e-07,4.013118017316367e-06,-1.938740181655647e-05,0.0,0.00362,-0.0,4.358954625223711e-07,4.864084860849628e-06,-2.3504542427789318e-05,0.0
1.1200000000000008,0.0030299999999999997,-0.0,3.60916177336053e-07,4.0293202735921835e-06,-1.947110235691831e-05,0.0,0.00362,-0.0,4.4202591330985783e-07,4.881451725873057e-06,-2.3578801662654676e-05,0.0
1.1300000000000008,0.0030299999999999997,-0.0,3.6228095999501725e-07,4.045755212872792e-06,-1.9550748531075533e-05,0.0,0.00362,-0.0,4.482479756961593e-07,4.898142694898903e-06,-2.364947333088695e-05,0.0
1.1400000000000008,0.0030299999999999997,-0.0,3.6527709353567194e-07,4.062070195706993e-06,-1.9626346386212802e-05,0.0,0.0035499999999999998,-0.0,4.630499715099299e-07,4.910579948385022e-06,-2.3680661062742524e-05,0.0
1.1500000000000008,0.0030299999999999997,-0.0,3.6931482497200836e-07,4.078033770964379e-06,-1.9697979429013998e-05,0.0,0.0035499999999999998,-0.0,4.74281241873542e-07,4.9212420336873815e-06,-2.3710477228249602e-05,0.0
1.1600000000000008,0.0030299999999999997,-0.0,3.739826597133882e-07,4.093499238669172e-06,-1.976578020877659e-05,0.0,0.0035499999999999998,-0.0,4.829712270087631e-07,4.930629113161383e-06,-2.373925890616374e-05,0.0
1.1700000000000008,0.0030299999999999997,-0.0,3.789953409060182e-07,4.108378841606469e-06,-1.982991060376359e-05,0.0,0.0035499999999999998,-0.0,4.898504108216806e-07,4.939092879829729e-06,-2.3767229121696816e-05,0.0
1.1800000000000008,0.0029500000000000004,-0.0,3.9398890608086057e-07,4.118523431708611e-06,-1.984918092974484e-05,0.0,0.0035499999999999998,-0.0,4.954367690279896e-07,4.946879927035871e-06,-2.3794532022945535e-05,0.0
1.1900000000000008,0.0029500000000000004,-0.0,4.050376529939292e-07,4.126780267008321e-06,-1.9867304536089585e-05,0.0,0.0035499999999999998,-0.0,5.000972720655051e-07,4.954162557065095e-06,-2.3821257673840403e-05,0.0
1.2000000000000008,0.0029500000000000004,-0.0,4.1328908413270855e-07,4.1337071135827085e-06,-1.9884658375740595e-05,0.0,0.0035499999999999998,-0.0,5.040916353690565e-07,4.961060655744077e-06,-2.3847459483782156e-05,0.0
1.2100000000000009,0.0029500000000000004,-0.0,4.1955745552626846e-07,4.139696022115919e-06,-1.9901491178036027e-05,0.0,0.0035499999999999998,-0.0,5.076034363041579e-07,4.967657213759247e-06,-2.3873166419669447e-05,0.0
1.2200000000000009,0.0029500000000000004,-0.0,4.244201121752849e-07,4.1450216685200515e-06,-1.991796270190806e-05,0.0,0.00362,-0.0,5.021630745666893e-07,4.977622758645839e-06,-2.3934700844030906e-05,0.0
1.2300000000000009,0.0029500000000000004,-0.0,4.2828602745431943e-07,4.149875702341002e-06,-1.993417144069152e-05,0.0,0.00362,-0.0,4.999281300100663e-07,4.988462263490235e-06,-2.3993853014359084e-05,0.0
1.2400000000000009,0.0029500000000000004,-0.0,4.3144456127740645e-07,4.154391142424153e-06,-1.995017413313209e-05,0.0,0.00362,-0.0,4.998804154615957e-07,4.999713540072291e-06,-2.405045277117598e-05,0.0
1.2500000000000009,0.0029500000000000004,-0.0,4.3410014136543885e-07,4.158659694112545e-06,-1.9965999464486406e-05,0.0,0.00362,-0.0,5.013016378715118e-07,5.011061570957178e-06,-2.4104435506854997e-05,0.0
1.260000000000001,0.0029500000000000004,-0.0,4.3639692746974455e-07,4.1627440330640805e-06,-1.9981657651490595e-05,0.0,0.00362,-0.0,5.036864582180308e-07,5.022295032900632e-06,-2.415580749138212e-05,0.0
1.270000000000001,0.0030299999999999997,-0.0,4.2861337505387096e-07,4.170845164644294e-06,-2.003877940190479e-05,0.0,0.00362,-0.0,5.06680654540696e-07,5.033275440782732e-06,-2.4204621546790758e-05,0.0
1.280000000000001,0.0030299999999999997,-0.0,4.246079001531945e-07,4.180064174028141e-06,-2.0093534099280467e-05,0.0,0.00362,-0.0,5.100371480299588e-07,5.04391526580932e-06,-2.425096005376684e-05,0.0
1.290000000000001,0.0030299999999999997,-0.0,4.23192372357557e-07,4.189860941335564e-06,-2.0145719221679898e-05,0.0,0.00362,-0.0,5.13584739486751e-07,5.0541624337454545e-06,-2.429492314748352e-05,0.0
1.300000000000001,0.0030299999999999997,-0.0,4.2352846681681455e-07,4.199866816685228e-06,-2.0195254389594617e-05,0.0,0.0035499999999999998,-0.0,5.257988974459744e-07,5.0603374620454495e-06,-2.4300131101647423e-05,0.0
1.310000000000001,0.0030299999999999997,-0.0,4.2502623474458366e-07,4.209833938407401e-06,-2.0242141116784545e-05,0.0,0.0035499999999999998,-0.0,5.345373670089846e-07,5.065004714634293e-06,-2.4305109467422596e-05,0.0
1.320000000000001,0.0030299999999999997,-0.0,4.272719647861643e-07,4.219599268063318e-06,-2.0286434590499935e-05,0.0,0.0035499999999999998,-0.0,5.408306918141191e-07,5.0686533630018175e-06,-2.431013780148706e-05,0.0
1.330000000000001,0.0030299999999999997,-0.0,4.299768865516251e-07,4.22905908981785e-06,-2.032822397356983e-05,0.0,0.0035499999999999998,-0.0,5.454086842086427e-07,5.071624065244672e-06,-2.4315385135055477e-05,0.0
1.340000000000001,0.0030299999999999997,-0.0,4.3294070367575126e-07,4.238150948710003e-06,-2.036761873652155e-05,0.0,0.0035499999999999998,-0.0,5.487874836748505e-07,5.0741525309188215e-06,-2.4320944841355184e-05,0.0
1.350000000000001,0.00292,-0.0,4.495242618802924e-07,4.2410727344873755e-06,-2.0347260723338288e-05,0.0,0.0035499999999999998,-0.0,5.51331482957261e-07,5.076400456181576e-06,-2.4326859169938936e-05,0.0
1.360000000000001,0.00292,-0.0,4.606813095223113e-07,4.24188821693979e-06,-2.0327788358077777e-05,0.0,0.0035499999999999998,-0.0,5.532973706643185e-07,5.078477477144289e-06,-2.433313645429453e-05,0.0
1.370000000000001,0.00292,-0.0,4.6805294717170354e-07,4.2413641163963034e-06,-2.0309585228389653e-05,0.0,0.0035499999999999998,-0.0,5.54865449008462e-07,5.080456736896551e-06,-2.4339763129217796e-05,0.0
1.380000000000001,0.00292,-0.0,4.7279980450068126e-07,4.240030647526029e-06,-2.0292862207211526e-05,0.0,0.0035800000000000003,-0.0,5.524811281751038e-07,5.083963179940477e-06,-2.4362407416719937e-05,0.0
1.390000000000001,0.00292,-0.0,4.7574122613583147e-07,4.2382510988041544e-06,-2.0277712843910072e-05,0.0,0.0035800000000000003,-0.0,5.514007974598202e-07,5.087910134957416e-06,-2.4384509305142818e-05,0.0
1.400000000000001,0.00292,-0.0,4.774542690255159e-07,4.236271227074115e-06,-2.026415228702101e-05,0.0,0.0035800000000000003,-0.0,5.512205292219911e-07,5.092105960227447e-06,-2.440595968219799e-05,0.0
1.410000000000001,0.00292,-0.0,4.783441037350747e-07,4.234254298401126e-06,-2.025214453329468e-05,0.0,0.0035800000000000003,-0.0,5.516543430310415e-07,5.096417612411037e-06,-2.4426694547558626e-05,0.0
1.420000000000001,0.00292,-0.0,4.786940692954364e-07,4.2323059239474365e-06,-2.024162141022153e-05,0.0,0.0035800000000000003,-0.0,5.525001034864225e-07,5.10075354391711e-06,-2.4446681165993456e-05,0.0
1.430000000000001,0.0030499999999999998,-0.0,4.627553678400942e-07,4.237352185848256e-06,-2.030062930836604e-05,0.0,0.0035800000000000003,-0.0,5.536152578407819e-07,5.105051546790338e-06,-2.4465908274841457e-05,0.0
1.440000000000001,0.0030499999999999998,-0.0,4.530585116044684e-07,4.244564498609409e-06,-2.035732932908565e-05,0.0,0.0035800000000000003,-0.0,5.548995757072685e-07,5.109270115513379e-06,-2.4484379171223124e-05,0.0
1.450000000000001,0.0030499999999999998,-0.0,4.47681901823918e-07,4.253053964108796e-06,-2.0411316866116792e-05,0.0,0.0035800000000000003,-0.0,5.562828713822367e-07,5.113382312902913e-06,-2.450210684376417e-05,0.0
1.460000000000001,0.0030499999999999998,-0.0,4.4526769975818277e-07,4.2622088206236135e-06,-2.0462388123558796e-05,0.0,0.00365,-0.0,5.491311691158237e-07,5.121072694261157e-06,-2.455583131136464e-05,0.0
1.470000000000001,0.0030499999999999998,-0.0,4.448584688418406e-07,4.271612818421727e-06,-2.0510475299543845e-05,0.0,0.00365,-0.0,5.454685333989476e-07,5.129703613873856e-06,-2.460690869098395e-05,0.0
1.480000000000001,0.0030499999999999998,-0.0,4.4578098827374643e-07,4.2809872769074605e-06,-2.055560104665133e-05,0.0,0.00365,-0.0,5.441868275102533e-07,5.1387815117024734e-06,-2.465520129073185e-05,0.0
1.490000000000001,0.0030499999999999998,-0.0,4.475636305152661e-07,4.290149981893665e-06,-2.0597846598006257e-05,0.0,0.00365,-0.0,5.445053999598451e-07,5.14797230586763e-06,-2.4700680491283857e-05,0.0
1.500000000000001,0.0030499999999999998,-0.0,4.498776193166842e-07,4.298986055551829e-06,-2.063732957136494e-05,0.0,0.00365,-0.0,5.458760035300395e-07,5.1570540122575e-06,-2.4743389664676892e-05,0.0
1.5100000000000011,0.0030499999999999998,-0.0,4.5249527751060674e-07,4.307427336224428e-06,-2.0674188618005562e-05,0.0,0.00365,-0.0,5.47915185740316e-07,5.1658831434775795e-06,-2.478341825820625e-05,0.0
1.5200000000000011,0.0029500000000000004,-0.0,4.6752203221739313e-07,4.310133017895013e-06,-2.065603390675399e-05,0.0,0.00365,-0.0,5.503562246285941e-07,5.174370903633101e-06,-2.4820883782544092e-05,0.0
1.5300000000000011,0.0029500000000000004,-0.0,4.776281850995651e-07,4.310861750087045e-06,-2.0638345755706585e-05,0.0,0.00365,-0.0,5.530149696371441e-07,5.182466345049884e-06,-2.4855919387492602e-05,0.0
1.5400000000000011,0.0029500000000000004,-0.0,4.84293872073451e-07,4.310312502209776e-06,-2.0621507547530555e-05,0.0,0.0036,-0.0,5.618960144598669e-07,5.18748960911763e-06,-2.4862384320594012e-05,0.0
1.5500000000000012,0.0029500000000000004,-0.0,4.885668119760837e-07,4.308970781799569e-06,-2.0605744160461944e-05,0.0,0.0036,-0.0,5.683029125865648e-07,5.191322308158807e-06,-2.4868096972015182e-05,0.0
1.5600000000000012,0.0029500000000000004,-0.0,4.911874908283443e-07,4.30717123573356e-06,-2.0591171893697237e-05,0.0,0.0036,-0.0,5.729551114722451e-07,5.194317940236796e-06,-2.487331274370949e-05,0.0
1.5700000000000012,0.0029500000000000004,-0.0,4.926782049525292e-07,4.305142108414642e-06,-2.0577833628470483e-05,0.0,0.0036,-0.0,5.763635972777396e-07,5.19672603313406e-06,-2.4878205283479466e-05,0.0
1.5800000000000012,0.0029500000000000004,-0.0,4.934063884123184e-07,4.303036796842228e-06,-2.0565723515341657e-05,0.0,0.0036,-0.0,5.788911112854912e-07,5.1987223423385275e-06,-2.4882890929091468e-05,0.0
1.5900000000000012,0.0029500000000000004,-0.0,4.936296436182774e-07,4.300956230693081e-06,-2.055480423765793e-05,0.0,0.0036,-0.0,5.807949923218979e-07,5.200430320503416e-06,-2.4887446021161998e-05,0.0
1.6000000000000012,0.00297,-0.0,4.910759870591469e-07,4.3000292284608165e-06,-2.0555543403561954e-05,0.0,0.0036,-0.0,5.822576561251002e-07,5.201936377343366e-06,-2.4891919149186964e-05,0.0
1.6100000000000012,0.00297,-0.0,4.893145590815956e-07,4.299536373221296e-06,-2.0556789217196916e-05,0.0,0.0036,-0.0,5.83408277541639e-07,5.2033007223340246e-06,-2.4896339798873775e-05,0.0
1.6200000000000012,0.00297,-0.0,4.88120945391514e-07,4.299359425832107e-06,-2.055842197044925e-05,0.0,0.00367,-0.0,5.757574373990499e-07,5.2082933704424935e-06,-2.493757177890459e-05,0.0
1.6300000000000012,0.00297,-0.0,4.873347872872089e-07,4.299412890839758e-06,-2.056035107311407e-05,0.0,0.00367,-0.0,5.714248776313528e-07,5.214286041162294e-06,-2.4976816131920874e-05,0.0
1.6400000000000012,0.00297,-0.0,4.868413767313444e-07,4.299634715784628e-06,-2.056250722616158e-05,0.0,0.00367,-0.0,5.693701756783064e-07,5.220809258350882e-06,-2.5013913070163222e-05,0.0
1.6500000000000012,0.00297,-0.0,4.865585528969336e-07,4.299979659735854e-06,-2.0564836800243916e-05,0.0,0.00367,-0.0,5.688596087898589e-07,5.22754329375689e-06,-2.5048806922963667e-05,0.0
1.6600000000000013,0.00297,-0.0,4.864273718976681e-07,4.300414562403751e-06,-2.0567297787859223e-05,0.0,0.00367,-0.0,5.693771594951638e-07,5.234273803822431e-06,-2.508151135002215e-05,0.0
1.6700000000000013,0.00297,-0.0,4.864054620867566e-07,4.300914966754436e-06,-2.0569856879403735e-05,0.0,0.00367,-0.0,5.705612311378858e-07,5.24086035870222e-06,-2.5112084985602654e-05,0.0
1.6800000000000013,0.00297,-0.0,4.864622909084393e-07,4.30146270573536e-06,-2.057248734273641e-05,0.0,0.00367,-0.0,5.72159655381988e-07,5.24721413719572e-06,-2.514061447125055e-05,0.0
1.6900000000000013,0.0030299999999999997,-0.0,4.792218831070384e-07,4.305246369801667e-06,-2.060678136774494e-05,0.0,0.00367,-0.0,5.73997713124588e-07,5.253282136633638e-06,-2.5167202715145934e-05,0.0
1.7000000000000013,0.0030299999999999997,-0.0,4.7500066893557605e-07,4.3099713350163055e-06,-2.0639424662077553e-05,0.0,0.00362,-0.0,5.820835641526754e-07,5.2563668523627095e-06,-2.5165612821392377e-05,0.0
1.7100000000000013,0.0030299999999999997,-0.0,4.728560420529432e-07,4.3152106004979886e-06,-2.067026410999972e-05,0.0,0.00362,-0.0,5.877255102547147e-07,5.258361057354783e-06,-2.5163709194063812e-05,0.0
1.7200000000000013,0.0030299999999999997,-0.0,4.7212304809958123e-07,4.320672830293746e-06,-2.069924135299868e-05,0.0,0.00362,-0.0,5.916451007582625e-07,5.2596137415022035e-06,-2.5161720157212047e-05,0.0
1.7300000000000013,0.0030299999999999997,-0.0,4.7233383214738164e-07,4.326162194808823e-06,-2.072636128460795e-05,0.0,0.00362,-0.0,5.943541194748347e-07,5.2603697008632e-06,-2.5159793913098285e-05,0.0
1.7400000000000013,0.0030299999999999997,-0.0,4.731603566947223e-07,4.331549880191084e-06,-2.0751669981516367e-05,0.0,0.00362,-0.0,5.962152299374362e-07,5.2607999091378615e-06,-2.5158022951683586e-05,0.0
1.7500000000000013,0.0030299999999999997,-0.0,4.7437367593201245e-07,4.336753893397827e-06,-2.0775239319652532e-05,0.0,0.00362,-0.0,5.974851181798308e-07,5.2610231020323925e-06,-2.5156461306061907e-05,0.0
1.7600000000000013,0.0030299999999999997,-0.0,4.75814988576925e-07,4.341724763841522e-06,-2.0797156320078895e-05,0.0,0.00362,-0.0,5.98345181648479e-07,5.261121111099619e-06,-2.5155136727179314e-05,0.0
1.7700000000000014,0.00292,-0.0,4.908555878971821e-07,4.340554446614336e-06,-2.075950880082072e-05,0.0,0.00362,-0.0,5.989233568067421e-07,5.261149751892269e-06,-2.515405925226592e-05,0.0
1.7800000000000014,0.00292,-0.0,5.004794128547659e-07,4.337430150610814e-06,-2.072349127038644e-05,0.0,0.00362,-0.0,5.99309641861905e-07,5.261146550566818e-06,-2.515322721533301e-05,0.0
1.7900000000000014,0.00292,-0.0,5.063438646885415e-07,4.3331188659918445e-06,-2.0689454239020158e-05,0.0,0.00362,-0.0,5.995671337264931e-07,5.261136222561234e-06,-2.515263144498778e-05,0.0
1.8000000000000014,0.00292,-0.0,5.096201869886387e-07,4.328148880081144e-06,-2.0657576481286646e-05,0.0,0.00362,-0.0,5.997398736443682e-07,5.2611345533257805e-06,-2.5152258179211753e-05,0.0
1.8100000000000014,0.00292,-0.0,5.111343639760618e-07,4.322880106157853e-06,-2.0627920572790283e-05,0.0,0.00362,-0.0,5.998584225475568e-07,5.261151143489706e-06,-2.5152091073391622e-05,0.0
1.8200000000000014,0.00292,-0.0,5.114673261656324e-07,4.31755400368711e-06,-2.0600471900272608e-05,0.0,0.00362,-0.0,5.999438215239939e-07,5.261191347364979e-06,-2.5152112568820905e-05,0.0
1.8300000000000014,0.00292,-0.0,5.110262037545183e-07,4.312328986442161e-06,-2.0575165955017498e-05,0.0,0.00362,-0.0,6.000104037160556e-07,5.261257638713718e-06,-2.5152304811327985e-05,0.0
1.8400000000000014,0.00292,-0.0,5.10094981865253e-07,4.3073055135363025e-06,-2.0551907328430715e-05,0.0,0.00362,-0.0,6.000677894368204e-07,5.261350570132148e-06,-2.5152650254538067e-05,0.0
1.8500000000000014,0.0030299999999999997,-0.0,4.953912063198039e-07,4.308432471756925e-06,-2.058862563504109e-05,0.0,0.00362,-0.0,6.001223005601092e-07,5.261469444327646e-06,-2.515313204307393e-05,0.0
1.8600000000000014,0.0030299999999999997,-0.0,4.859912231143826e-07,4.3115353276599895e-06,-2.0624062675193714e-05,0.0,0.0035800000000000003,-0.0,6.050794774483514e-07,5.25947117127161e-06,-2.5132626403152594e-05,0.0
1.8700000000000014,0.0030299999999999997,-0.0,4.802796136279847e-07,4.315859366433008e-06,-2.065784089893278e-05,0.0,0.0035800000000000003,-0.0,6.080541228187078e-07,5.25688399593201e-06,-2.5113351314318424e-05,0.0
1.8800000000000014,0.0030299999999999997,-0.0,4.771139251090438e-07,4.320882759504044e-06,-2.0689753148972388e-05,0.0,0.0035800000000000003,-0.0,6.096684270038294e-07,5.253985206724074e-06,-2.509538492623292e-05,0.0
1.8900000000000015,0.0030299999999999997,-0.0,4.7568767795836345e-07,4.326248131059275e-06,-2.0719708391557896e-05,0.0,0.0035800000000000003,-0.0,6.103607581491219e-07,5.250962742877145e-06,-2.5078745009212246e-05,0.0
1.9000000000000015,0.0030299999999999997,-0.0,4.754329307217579e-07,4.331713967230954e-06,-2.0747693529586966e-05,0.0,0.0035800000000000003,-0.0,6.10439049923194e-07,5.247941764132128e-06,-2.5063409603144084e-05,0.0
1.9100000000000015,0.0030299999999999997,-0.0,4.759509903705585e-07,4.337120136350992e-06,-2.07737466231834e-05,0.0,0.0035800000000000003,-0.0,6.101187607478172e-07,5.245003489817773e-06,-2.5049331436654228e-05,0.0
1.9200000000000015,0.0030299999999999997,-0.0,4.769631470760834e-07,4.342363442424309e-06,-2.0797938194365144e-05,0.0,0.0035800000000000003,-0.0,6.095498567267587e-07,5.24219854256442e-06,-2.5036447936540635e-05,0.0
1.9300000000000015,0.00292,-0.0,4.917540443545492e-07,4.3414860245926156e-06,-2.0762288940158457e-05,0.0,0.0035800000000000003,-0.0,6.088359862423002e-07,5.239556386777004e-06,-2.5024688120574024e-05,0.0
1.9400000000000015,0.00292,-0.0,5.012494896344115e-07,4.3386648855455825e-06,-2.0728064910942736e-05,0.0,0.00367,-0.0,5.970204053191294e-07,5.2419150783664e-06,-2.5061490832580637e-05,0.0
1.9500000000000015,0.00292,-0.0,5.070656840006068e-07,4.334651105735361e-06,-2.0695623753691284e-05,0.0,0.00367,-0.0,5.896477847478195e-07,5.2458321016983474e-06,-2.5096733806154843e-05,0.0
1.9600000000000015,0.00292,-0.0,5.103451483491587e-07,4.329962928332499e-06,-2.0665154477435868e-05,0.0,0.00367,-0.0,5.853528503185254e-07,5.250677309968812e-06,-2.5130136629756234e-05,0.0
1.9700000000000015,0.00292,-0.0,5.118939718932792e-07,4.324954281621541e-06,-2.0636731628577485e-05,0.0,0.00367,-0.0,5.831710121660915e-07,5.25601720659507e-06,-2.5161560005535798e-05,0.0
1.9800000000000015,0.00292,-0.0,5.122794244584358e-07,4.319863423712367e-06,-2.061035337393392e-05,0.0,0.00367,-0.0,5.824222284324897e-07,5.261556987201914e-06,-2.5190960027854825e-05,0.0
1.9900000000000015,0.00292,-0.0,5.118993681212301e-07,4.314847452094973e-06,-2.058596817231648e-05,0.0,0.00367,-0.0,5.826284110998662e-07,5.267099401078187e-06,-2.5218356069681056e-05,0.0
2.0000000000000013,0.00292,-0.0,5.110316053783786e-07,4.310006763581344e-06,-2.0563493362023472e-05,0.0,0.00367,-0.0,5.834546963999212e-07,5.272515572558541e-06,-2.5243808316628382e-05,0.0
2.010000000000001,0.00292,-0.0,5.098689539344633e-07,4.305402371142454e-06,-2.0542828028882013e-05,0.0,0.00367,-0.0,5.846676935465447e-07,5.277724325030921e-06,-2.526740213363606e-05,0.0
2.020000000000001,0.0030299999999999997,-0.0,4.950665217332945e-07,4.306967072779931e-06,-2.0581952885973497e-05,0.0,0.0035800000000000003,-0.0,5.971329769840847e-07,5.277851152760382e-06,-2.5241708221956484e-05,0.0
2.0300000000000007,0.0030299999999999997,-0.0,4.856547785511237e-07,4.310498068145923e-06,-2.061956469535923e-05,0.0,0.0035800000000000003,-0.0,6.052432461819978e-07,5.276321897720056e-06,-2.5216897414836054e-05,0.0
2.0400000000000005,0.0030299999999999997,-0.0,4.79986706908732e-07,4.315229725895796e-06,-2.0655297836252485e-05,0.0,0.0035800000000000003,-0.0,6.103205110355784e-07,5.273755440324261e-06,-2.5193284937439763e-05,0.0
2.0500000000000003,0.0030299999999999997,-0.0,4.768979792189748e-07,4.320633737345847e-06,-2.0688958817951507e-05,0.0,0.0035800000000000003,-0.0,6.132998863109534e-07,5.27058011665572e-06,-2.5171046434971326e-05,0.0
2.06,0.0030299999999999997,-0.0,4.755671059314609e-07,4.326349290520758e-06,-2.072047105776962e-05,0.0,0.0035800000000000003,-0.0,6.14841648343202e-07,5.267089692177452e-06,-2.5150262347404304e-05,0.0
2.07,0.0030299999999999997,-0.0,4.754159711024592e-07,4.33213349815546e-06,-2.074983605388e-05,0.0,0.0035800000000000003,-0.0,6.15410934369762e-07,5.263483106409775e-06,-2.5130949138543004e-05,0.0
2.0799999999999996,0.0030299999999999997,-0.0,4.760391030891087e-07,4.337826228589522e-06,-2.0777106185111015e-05,0.0,0.0035800000000000003,-0.0,6.153344197625312e-07,5.259892676335737e-06,-2.511308120014968e-05,0.0
2.0899999999999994,0.0030299999999999997,-0.0,4.771533889752137e-07,4.343325176782311e-06,-2.0802365748233693e-05,0.0,0.0035800000000000003,-0.0,6.148406158455794e-07,5.256404093717707e-06,-2.5096606147417478e-05,0.0
2.099999999999999,0.00297,-0.0,4.859135143247157e-07,4.345348980374841e-06,-2.079402413034085e-05,0.0,0.00365,-0.0,6.055121366738528e-07,5.256826361617681e-06,-2.5118431412207687e-05,0.0
2.109999999999999,0.00297,-0.0,4.918534094458479e-07,4.346165775590014e-06,-2.07855787019081e-05,0.0,0.00365,-0.0,5.995114056810578e-07,5.258503939665397e-06,-2.5139530992714846e-05,0.0
2.1199999999999988,0.00297,-0.0,4.958124561522275e-07,4.3461792489747826e-06,-2.0777283548530963e-05,0.0,0.00365,-0.0,5.958268308076932e-07,5.260963151836094e-06,-2.5159663111701553e-05,0.0
2.1299999999999986,0.00297,-0.0,4.983857214284572e-07,4.345671875896055e-06,-2.0769300159909268e-05,0.0,0.00365,-0.0,5.937428605339549e-07,5.2638761612708396e-06,-2.5178692997010913e-05,0.0
2.1399999999999983,0.00297,-0.0,4.999946080601884e-07,4.344840284787444e-06,-2.0761725776153986e-05,0.0,0.00365,-0.0,5.92754246438756e-07,5.267018139767956e-06,-2.5196558911287444e-05,0.0
2.149999999999998,0.00297,-0.0,5.009371134399661e-07,4.343820387868521e-06,-2.0754613420064928e-05,0.0,0.00365,-0.0,5.925050627074376e-07,5.270236854284733e-06,-2.5213248239637492e-05,0.0
2.159999999999998,0.00297,-0.0,5.014235789465247e-07,4.3427052326268995e-06,-2.074798602496576e-05,0.0,0.00365,-0.0,5.927453401029753e-07,5.27343108390882e-06,-2.5228780712479754e-05,0.0
2.1699999999999977,0.00297,-0.0,5.016021156865125e-07,4.341557676078058e-06,-2.0741846371726614e-05,0.0,0.00365,-0.0,5.933002320345822e-07,5.276535315589914e-06,-2.524319668565352e-05,0.0
2.1799999999999975,0.00292,-0.0,5.077025076032056e-07,4.337735670852031e-06,-2.0709767903340322e-05,0.0,0.0035800000000000003,-0.0,6.026242478314195e-07,5.2757517141489596e-06,-2.521956639068318e-05,0.0
2.1899999999999973,0.00292,-0.0,5.111885225101428e-07,4.3331859407948825e-06,-2.067955754601175e-05,0.0,0.0035800000000000003,-0.0,6.085809156016914e-07,5.27374467426274e-06,-2.5196905473606363e-05,0.0
2.199999999999997,0.00292,-0.0,5.128869265144075e-07,4.328274370649538e-06,-2.0651306209812012e-05,0.0,0.0035800000000000003,-0.0,6.12199546077223e-07,5.270991630433573e-06,-2.5175437157410872e-05,0.0
2.209999999999997,0.00292,-0.0,5.133798967549684e-07,4.323248136726609e-06,-2.0625025355688188e-05,0.0,0.0035800000000000003,-0.0,6.142076653049728e-07,5.267821755372984e-06,-2.5155277628172542e-05,0.0
2.2199999999999966,0.00292,-0.0,5.130760793140765e-07,4.318271053466952e-06,-2.060067439265557e-05,0.0,0.0035800000000000003,-0.0,6.151184659711465e-07,5.264459610785306e-06,-2.513647050410944e-05,0.0
2.2299999999999964,0.00292,-0.0,5.122611102407593e-07,4.3134486324799554e-06,-2.057817979623498e-05,0.0,0.0035800000000000003,-0.0,6.152930024748932e-07,5.261056134019628e-06,-2.5119011060451215e-05,0.0
2.239999999999996,0.00292,-0.0,5.111335262565535e-07,4.3088458288862946e-06,-2.055744836754973e-05,0.0,0.0035800000000000003,-0.0,6.149844166841527e-07,5.25771061930313e-06,-2.5102863190171116e-05,0.0
2.249999999999996,0.00292,-0.0,5.098302821636366e-07,4.304499591176932e-06,-2.0538376352032277e-05,0.0,0.0035800000000000003,-0.0,6.143693794835874e-07,5.254486296545423e-06,-2.5087971218990738e-05,0.0
2.259999999999996,0.00292,-0.0,5.084448754907329e-07,4.300427719868507e-06,-2.0520855638477127e-05,0.0,0.00365,-0.0,6.049944543267106e-07,5.255179599542378e-06,-2.5111255612184607e-05,0.0
2.2699999999999956,0.003,-0.0,4.972391098000857e-07,4.3009303634883415e-06,-2.0547049962347232e-05,0.0,0.00365,-0.0,5.989962983896517e-07,5.25712251448306e-06,-2.513368215863184e-05,0.0
2.2799999999999954,0.003,-0.0,4.9002854005969e-07,4.3029306420223455e-06,-2.0572325580893306e-05,0.0,0.00365,-0.0,5.95345448330581e-07,5.259835147086368e-06,-2.5155015605778838e-05,0.0
2.289999999999995,0.003,-0.0,4.855975659591822e-07,4.30586046837143e-06,-2.05963975585686e-05,0.0,0.00365,-0.0,5.933139766508338e-07,5.2629859598558606e-06,-2.517512874063708e-05,0.0
2.299999999999995,0.003,-0.0,4.830864660087299e-07,4.309326963052546e-06,-2.0619109042200918e-05,0.0,0.00365,-0.0,5.923881394545646e-07,5.266348152378469e-06,-2.51939678675131e-05,0.0
2.3099999999999947,0.003,-0.0,4.818883168184483e-07,4.31306097109758e-06,-2.0640390475914724e-05,0.0,0.00365,-0.0,5.922062495307227e-07,5.269768691628801e-06,-2.5211528524318735e-05,0.0
2.3199999999999945,0.003,-0.0,4.815756785607457e-07,4.31688050686405e-06,-2.0660230901484316e-05,0.0,0.00365,-0.0,5.925144969302905e-07,5.273146338080873e-06,-2.5227838460852076e-05,0.0
2.3299999999999943,0.003,-0.0,4.818484587873754e-07,4.320664814752001e-06,-2.0678657831442626e-05,0.0,0.00365,-0.0,5.931355383975905e-07,5.276416067813846e-06,-2.5242945762924393e-05,0.0
2.339999999999994,0.003,-0.0,4.824968438027539e-07,4.324335977993062e-06,-2.0695723197650014e-05,0.0,0.00365,-0.0,5.93946170767388e-07,5.279538041051018e-06,-2.525691061834929e-05,0.0
2.349999999999994,0.0029500000000000004,-0.0,4.89500553202363e-07,4.325160820231063e-06,-2.0685071051642667e-05,0.0,0.00362,-0.0,5.985368286413467e-07,5.280878757762137e-06,-2.5253946127014005e-05,0.0
2.3599999999999937,0.0029500000000000004,-0.0,4.941501410218393e-07,4.325033186516765e-06,-2.0674608670104094e-05,0.0,0.00362,-0.0,6.016843311677874e-07,5.281580447984336e-06,-2.5250821144879564e-05,0.0
2.3699999999999934,0.0029500000000000004,-0.0,4.97153133545558e-07,4.324289031839759e-06,-2.0664528542817634e-05,0.0,0.00362,-0.0,6.038155454168932e-07,5.281850150749434e-06,-2.5247673647138533e-05,0.0
2.3799999999999932,0.0029500000000000004,-0.0,4.990105834659934e-07,4.32316223080938e-06,-2.0654946696984635e-05,0.0,0.00362,-0.0,6.052333095513605e-07,5.2818332277393254e-06,-2.5244593882337893e-05,0.0
2.389999999999993,0.0029500000000000004,-0.0,5.000768218116286e-07,4.321814455623283e-06,-2.0645926515501707e-05,0.0,0.00362,-0.0,6.061522813932403e-07,5.28163131856996e-06,-2.5241638811944875e-05,0.0
2.399999999999993,0.0029500000000000004,-0.0,5.006019599582651e-07,4.32035640025669e-06,-2.0637495537266185e-05,0.0,0.00362,-0.0,6.067244414943189e-07,5.281315103546522e-06,-2.5238842328410748e-05,0.0
2.4099999999999926,0.0029500000000000004,-0.0,5.00762118130314e-07,4.3188628497682424e-06,-2.0629657276057408e-05,0.0,0.00362,-0.0,6.070572349589055e-07,5.280933372635749e-06,-2.5236222474059723e-05,0.0
2.4199999999999924,0.0029500000000000004,-0.0,5.0068092145671e-07,4.3173833726613606e-06,-2.0622399506126884e-05,0.0,0.00362,-0.0,6.072264755488328e-07,5.280519467053758e-06,-2.523378653019247e-05,0.0
2.429999999999992,0.0029500000000000004,-0.0,5.00444783273968e-07,4.31594990123336e-06,-2.061570004401072e-05,0.0,0.00362,-0.0,6.072855231209171e-07,5.280095852220201e-06,-2.5231534594681866e-05,0.0
2.439999999999992,0.0029500000000000004,-0.0,5.001137685748958e-07,4.314582099812168e-06,-2.0609530758273776e-05,0.0,0.00362,-0.0,6.072718096133099e-07,5.279677361917311e-06,-2.5229462087681506e-05,0.0
2.4499999999999917,0.0029500000000000004,-0.0,4.997293133270767e-07,4.313291161044077e-06,-2.060386032705549e-05,0.0,0.00362,-0.0,6.072114786633076e-07,5.279273497722732e-06,-2.522756149796601e-05,0.0
2.4599999999999915,0.0029500000000000004,-0.0,4.9931970737439e-07,4.312082485585924e-06,-2.0598656112612566e-05,0.0,0.00362,-0.0,6.071226832525352e-07,5.278890056946838e-06,-2.5225823592004172e-05,0.0
2.4699999999999913,0.0029500000000000004,-0.0,4.989039867673974e-07,4.310957569060784e-06,-2.0593885414897566e-05,0.0,0.00362,-0.0,6.070179287386849e-07,5.278530283439389e-06,-2.5224238243549537e-05,0.0
2.479999999999991,0.0029500000000000004,-0.0,4.9849469503148e-07,4.3099153265798575e-06,-2.058951629001797e-05,0.0,0.00362,-0.0,6.069057368890113e-07,5.278195679515327e-06,-2.5222794995788113e-05,0.0
2.489999999999991,0.0029500000000000004,-0.0,4.980998402912466e-07,4.308953018571913e-06,-2.0585518065253498e-05,0.0,0.00362,-0.0,6.06791827016665e-07,5.2778865773233496e-06,-2.5221483435551357e-05,0.0
2.4999999999999907,0.0029500000000000004,-0.0,4.97724280824643e-07,4.308066894308925e-06,-2.058186164381243e-05,0.0,0.00362,-0.0,6.066799537412518e-07,5.277602539574282e-06,-2.5220293435971745e-05,0.0
2.5099999999999905,0.0029500000000000004,-0.0,4.973707044897772e-07,4.307252635831396e-06,-2.057851966515744e-05,0.0,0.0035800000000000003,-0.0,6.114728948505183e-07,5.275194026385021e-06,-2.5198074670398328e-05,0.0
2.5199999999999902,0.00297,-0.0,4.945901245864099e-07,4.307579979932865e-06,-2.0586036944131625e-05,0.0,0.0035800000000000003,-0.0,6.142851223377619e-07,5.272197487055805e-06,-2.5177087015525475e-05,0.0
2.52999999999999,0.00297,-0.0,4.928262354528462e-07,4.308275435100093e-06,-2.0593255129341215e-05,0.0,0.0035800000000000003,-0.0,6.157384707929102e-07,5.268891029020153e-06,-2.515741348521052e-05,0.0
2.53999999999999,0.00297,-0.0,4.91768071691083e-07,4.309194687223255e-06,-2.060010640008409e-05,0.0,0.0035800000000000003,-0.0,6.162711745702221e-07,5.265463411224723e-06,-2.513907624864086e-05,0.0
2.5499999999999896,0.00297,-0.0,4.911958316049697e-07,4.3102382209342096e-06,-2.0606555327488816e-05,0.0,0.0035800000000000003,-0.0,6.161911772673307e-07,5.262040581287182e-06,-2.512205728110174e-05,0.0
2.5599999999999894,0.00297,-0.0,4.909544612105564e-07,4.311338133505299e-06,-2.0612588458979334e-05,0.0,0.0035800000000000003,-0.0,6.157140363481468e-07,5.258704494605386e-06,-2.5106312798225035e-05,0.0
2.569999999999989,0.00297,-0.0,4.909348671611694e-07,4.312448773992832e-06,-2.0618206996656945e-05,0.0,0.0035800000000000003,-0.0,6.149898682891711e-07,5.255506446775965e-06,-2.5091783288512977e-05,0.0
2.579999999999989,0.00297,-0.0,4.910605574907104e-07,4.3135401025293925e-06,-2.0623421669734563e-05,0.0,0.0035800000000000003,-0.0,6.141224973426689e-07,5.252476506686609e-06,-2.5078400433687795e-05,0.0
2.5899999999999888,0.00297,-0.0,4.912781439612484e-07,4.31459298354306e-06,-2.0628249161322003e-05,0.0,0.0035800000000000003,-0.0,6.131830585607166e-07,5.24963017942297e-06,-2.5066091832815132e-05,0.0
2.5999999999999885,0.00292,-0.0,4.976760455629087e-07,4.312909845155185e-06,-2.0606282704071225e-05,0.0,0.0035800000000000003,-0.0,6.122196564468146e-07,5.246973102097257e-06,-2.505478418043844e-05,0.0
2.6099999999999883,0.00292,-0.0,5.016201066714593e-07,4.3104066891307585e-06,-2.0585381797950687e-05,0.0,0.0035800000000000003,-0.0,6.112642185948419e-07,5.2445043437342875e-06,-2.504440536001379e-05,0.0
2.619999999999988,0.00292,-0.0,5.038693271677621e-07,4.307430088903296e-06,-2.0565683524712386e-05,0.0,0.0035800000000000003,-0.0,6.103373549274608e-07,5.2422187153107965e-06,-2.5034885779600236e-05,0.0
2.629999999999988,0.00292,-0.0,5.049594929254086e-07,4.304217405693333e-06,-2.0547248051867344e-05,0.0,0.0035800000000000003,-0.0,6.094517992237671e-07,5.240108378629456e-06,-2.5026159181278273e-05,0.0
2.6399999999999877,0.00292,-0.0,5.052679145467695e-07,4.300929063884863e-06,-2.05300839559104e-05,0.0,0.0035800000000000003,-0.0,6.086148431797688e-07,5.23816395918242e-06,-2.5018163087924055e-05,0.0
2.6499999999999875,0.00292,-0.0,5.05059464602089e-07,4.297671452642422e-06,-2.0514165978365696e-05,0.0,0.0035800000000000003,-0.0,6.078300548136992e-07,5.23637530874479e-06,-2.501083900278072e-05,0.0
2.6599999999999873,0.00292,-0.0,5.045193095571129e-07,4.294513162709276e-06,-2.049944741924048e-05,0.0,0.0035800000000000003,-0.0,6.070984887626108e-07,5.234732021180208e-06,-2.500413244306233e-05,0.0
2.669999999999987,0.00292,-0.0,5.037761760664235e-07,4.29149648558997e-06,-2.0485868734792238e-05,0.0,0.00365,-0.0,5.978439317517784e-07,5.2369843820295855e-06,-2.5034991482675327e-05,0.0
2.679999999999987,0.00292,-0.0,5.02918883726016e-07,4.288645546080133e-06,-2.0473363452901017e-05,0.0,0.00365,-0.0,5.92116835240611e-07,5.240430878545684e-06,-2.5064395788428604e-05,0.0
2.6899999999999866,0.00292,-0.0,5.020080882455434e-07,4.285972043325075e-06,-2.0461862196695346e-05,0.0,0.00365,-0.0,5.888280004966108e-07,5.244572825079483e-06,-2.509214192659703e-05,0.0
2.6999999999999864,0.00292,-0.0,5.010846181851997e-07,4.2834792939857015e-06,-2.0451295377620693e-05,0.0,0.00365,-0.0,5.872083853901661e-07,5.249068294215e-06,-2.5118137358224928e-05,0.0
2.709999999999986,0.00292,-0.0,5.001753893433054e-07,4.281165070733315e-06,-2.044159495597846e-05,0.0,0.00365,-0.0,5.867162636679505e-07,5.2536858215437514e-06,-2.5142364075039563e-05,0.0
2.719999999999986,0.00292,-0.0,4.992975969255528e-07,4.279023586749317e-06,-2.0432695550969275e-05,0.0,0.00365,-0.0,5.869712025211747e-07,5.258271553363531e-06,-2.5164853090751793e-05,0.0
2.7299999999999858,0.00292,-0.0,4.984616835778384e-07,4.277046875496451e-06,-2.0424535099834908e-05,0.0,0.00365,-0.0,5.87707120317091e-07,5.262725952626339e-06,-2.518566662609466e-05,0.0
2.7399999999999856,0.00292,-0.0,4.976734375984504e-07,4.275225742888716e-06,-2.0417055207121993e-05,0.0,0.00365,-0.0,5.887389183882136e-07,5.2669872994688034e-06,-2.5204885740388896e-05,0.0
2.7499999999999853,0.00292,-0.0,4.96935473352049e-07,4.27355041767414e-06,-2.041020128349657e-05,0.0,0.00367,-0.0,5.874886041104896e-07,5.272094527753246e-06,-2.523317307269671e-05,0.0
2.759999999999985,0.00292,-0.0,4.962482731255371e-07,4.2720109893497466e-06,-2.040392254401785e-05,0.0,0.00367,-0.0,5.873122383747608e-07,5.277260918671905e-06,-2.5259488960670818e-05,0.0
2.769999999999985,0.0029500000000000004,-0.0,4.919356728784877e-07,4.272209473113629e-06,-2.0414028874618613e-05,0.0,0.00367,-0.0,5.878403562061641e-07,5.282341157718608e-06,-2.5283884130434854e-05,0.0
2.7799999999999847,0.0029500000000000004,-0.0,4.891610526199724e-07,4.272982850178417e-06,-2.0423773346445873e-05,0.0,0.00367,-0.0,5.888150572886656e-07,5.287242592645404e-06,-2.5306438093527104e-05,0.0
2.7899999999999845,0.0029500000000000004,-0.0,4.874562637962301e-07,4.274112520429476e-06,-2.043304712972018e-05,0.0,0.00367,-0.0,5.900574097441497e-07,5.291909143189146e-06,-2.5327247202572414e-05,0.0
2.7999999999999843,0.0029500000000000004,-0.0,4.864902346871282e-07,4.275447351654965e-06,-2.0441790637402048e-05,0.0,0.00367,-0.0,5.914442901475153e-07,5.296309927053283e-06,-2.5346416457477032e-05,0.0
2.809999999999984,0.0029500000000000004,-0.0,4.860292637825867e-07,4.276883850490467e-06,-2.0449977825856185e-05,0.0,0.00367,-0.0,5.928919353442089e-07,5.300431235589508e-06,-2.5364053954806653e-05,0.0
2.819999999999984,0.0029500000000000004,-0.0,4.859087793107308e-07,4.278352083317292e-06,-2.045760514896735e-05,0.0,0.00367,-0.0,5.943442676297998e-07,5.304270887281317e-06,-2.538026719452817e-05,0.0
2.8299999999999836,0.0029500000000000004,-0.0,4.860132567864432e-07,4.2798056861764325e-06,-2.046468381307005e-05,0.0,0.00365,-0.0,5.982147733381835e-07,5.306759724663513e-06,-2.5384589259398806e-05,0.0
2.8399999999999834,0.0029500000000000004,-0.0,4.862619406381658e-07,4.281214782005386e-06,-2.0471234371051163e-05,0.0,0.00365,-0.0,6.010368592655628e-07,5.308677025352932e-06,-2.5388255926029645e-05,0.0
2.849999999999983,0.0029500000000000004,-0.0,4.865986949569415e-07,4.28256096451421e-06,-2.0477282972140522e-05,0.0,0.00365,-0.0,6.031073096374352e-07,5.310175609128975e-06,-2.539140768216638e-05,0.0
2.859999999999983,0.0029500000000000004,-0.0,4.869847915658743e-07,4.283833750660128e-06,-2.048285878176989e-05,0.0,0.00365,-0.0,6.046377790860481e-07,5.3113652204727335e-06,-2.5394148532074435e-05,0.0
2.869999999999983,0.0029500000000000004,-0.0,4.873937874103051e-07,4.285028076327567e-06,-2.0487992226617755e-05,0.0,0.00365,-0.0,6.057793057173129e-07,5.312324868277383e-06,-2.5396556181471103e-05,0.0
2.8799999999999826,0.0029500000000000004,-0.0,4.878078879097111e-07,4.286142532661222e-06,-2.0492713820047497e-05,0.0,0.00365,-0.0,6.066397577019746e-07,5.313111613697114e-06,-2.5398689313294517e-05,0.0
2.8899999999999824,0.0029500000000000004,-0.0,4.88215366990996e-07,4.2871781278993366e-06,-2.0497053394317715e-05,0.0,0.00365,-0.0,6.072962511369886e-07,5.313766829929241e-06,-2.5400592790965472e-05,0.0
2.899999999999982,0.0029500000000000004,-0.0,4.886087383905225e-07,4.288137421735526e-06,-2.050103961654004e-05,0.0,0.00365,-0.0,6.078039892463645e-07,5.3143206625038905e-06,-2.5402301384698785e-05,0.0
2.909999999999982,0.0029500000000000004,-0.0,4.889834609505807e-07,4.289023923474194e-06,-2.0504699701320455e-05,0.0,0.0036,-0.0,6.143279421672585e-07,5.312108783995146e-06,-2.537741356494347e-05,0.0
2.9199999999999817,0.0029500000000000004,-0.0,4.893370233500074e-07,4.28984167671324e-06,-2.0508059258568668e-05,0.0,0.0036,-0.0,6.182879145839493e-07,5.309070303940538e-06,-2.5353790886803072e-05,0.0
2.9299999999999815,0.0029500000000000004,-0.0,4.896682983312888e-07,4.290594975671453e-06,-2.0511142233104076e-05,0.0,0.0036,-0.0,6.204807382315398e-07,5.305566742045028e-06,-2.5331565572300058e-05,0.0
2.9399999999999813,0.0030299999999999997,-0.0,4.801764736325647e-07,4.2955864858891356e-06,-2.055625726496982e-05,0.0,0.0036,-0.0,6.214686152210574e-07,5.301845011401269e-06,-2.5310789954455558e-05,0.0
2.949999999999981,0.0030299999999999997,-0.0,4.7463577944730773e-07,4.301743990742926e-06,-2.0598881320452718e-05,0.0,0.0036,-0.0,6.216471913541478e-07,5.298071340184957e-06,-2.5291463023875872e-05,0.0
2.959999999999981,0.0030299999999999997,-0.0,4.7180487225333614e-07,4.3085126439057575e-06,-2.0638850331489488e-05,0.0,0.0036,-0.0,6.212939626677145e-07,5.2943553371972525e-06,-2.5273549024765897e-05,0.0
2.9699999999999807,0.0030299999999999997,-0.0,4.708089642516604e-07,4.315515961542542e-06,-2.067612160165685e-05,0.0,0.0036,-0.0,6.206026900901489e-07,5.290767049957132e-06,-2.5256990418084287e-05,0.0
2.9799999999999804,0.0030299999999999997,-0.0,4.7103338909501017e-07,4.3225028419797e-06,-2.0710732586469664e-05,0.0,0.0036,-0.0,6.197078601769678e-07,5.287349041947093e-06,-2.5241716859034177e-05,0.0
2.9899999999999802,0.0030299999999999997,-0.0,4.7204792418069223e-07,4.329309994478171e-06,-2.0742772083431682e-05,0.0,0.0036,-0.0,6.18702065096985e-07,5.2841249306584745e-06,-2.5227651359119806e-05,0.0
2.99999999999998,0.0030299999999999997,-0.0,4.735529940515091e-07,4.33583532217142e-06,-2.0772360208982332e-05,0.0,0.0036,-0.0,6.176483461971601e-07,5.281105411870742e-06,-2.5214714463755407e-05,0.0
3.00999999999998,0.0030299999999999997,-0.0,4.7534143961484046e-07,4.342019089975649e-06,-2.0799634588018227e-05,0.0,0.0036,-0.0,6.165889556920843e-07,5.278292499461779e-06,-2.5202827035155404e-05,0.0
3.0199999999999796,0.0029,-0.0,4.931973400351561e-07,4.340845752034607e-06,-2.0756025056748552e-05,0.0,0.0036,-0.0,6.15551571354532e-07,5.275682499350112e-06,-2.5191912058692114e-05,0.0
3.0299999999999794,0.0029,-0.0,5.046423269290262e-07,4.337303761432191e-06,-2.0714063153624703e-05,0.0,0.0036,-0.0,6.145537004636851e-07,5.273268086270494e-06,-2.5181895768960938e-05,0.0
3.039999999999979,0.0029,-0.0,5.116312539630608e-07,4.332303582619374e-06,-2.0674191536231634e-05,0.0,0.0036,-0.0,6.136057967847595e-07,5.271039745444619e-06,-2.517270830512965e-05,0.0
3.049999999999979,0.0029,-0.0,5.155462906019105e-07,4.326474010277999e-06,-2.063664813800252e-05,0.0,0.0036,-0.0,6.12713463164285e-07,5.268986765350256e-06,-2.5164284043581978e-05,0.0
3.0599999999999787,0.0029,-0.0,5.173628345498601e-07,4.32024500701131e-06,-2.0601531680977533e-05,0.0,0.0036,-0.0,6.118790047507576e-07,5.267097913834972e-06,-2.5156561712150068e-05,0.0
3.0699999999999785,0.0029,-0.0,5.177675112456759e-07,4.313906515574667e-06,-2.0568847751185142e-05,0.0,0.00362,-0.0,6.086523718639449e-07,5.266436495627122e-06,-2.5160056072035357e-05,0.0
3.0799999999999783,0.0029,-0.0,5.172420840944872e-07,4.307650186046567e-06,-2.0538541088112296e-05,0.0,0.00362,-0.0,6.064756760448837e-07,5.266222286997836e-06,-2.516357830900407e-05,0.0
3.089999999999978,0.0029,-0.0,5.161231118333404e-07,4.301598955732445e-06,-2.051051810597816e-05,0.0,0.00362,-0.0,6.05036133917306e-07,5.266304889427901e-06,-2.5167033889292148e-05,0.0
3.099999999999978,0.0029500000000000004,-0.0,5.085189803032107e-07,4.298514516220226e-06,-2.0511091836508163e-05,0.0,0.00362,-0.0,6.041120066141226e-07,5.266579074482903e-06,-2.517036278746241e-05,0.0
3.1099999999999777,0.0029500000000000004,-0.0,5.031994043649437e-07,4.296516182965298e-06,-2.051229378153627e-05,0.0,0.00362,-0.0,6.035462718271676e-07,5.266971605991287e-06,-2.517352892647582e-05,0.0
3.1199999999999775,0.0029500000000000004,-0.0,4.994978564921257e-07,4.2952742959621225e-06,-2.0513876459041254e-05,0.0,0.00362,-0.0,6.032278949009674e-07,5.26743187542238e-06,-2.5176512714293548e-05,0.0
3.1299999999999772,0.0029500000000000004,-0.0,4.96940680939241e-07,4.294555646852783e-06,-2.0515669316066854e-05,0.0,0.00362,-0.0,6.030785068600407e-07,5.267925249651339e-06,-2.5179305779669784e-05,0.0
3.139999999999977,0.0029500000000000004,-0.0,4.951914144493139e-07,4.294195546249842e-06,-2.0517556076095652e-05,0.0,0.00362,-0.0,6.030429295204929e-07,5.2684283478691e-06,-2.5181907268953967e-05,0.0
3.149999999999977,0.0029500000000000004,-0.0,4.940111697649684e-07,4.294077956717452e-06,-2.0519458658683144e-05,0.0,0.00365,-0.0,5.994072161823535e-07,5.270537612924848e-06,-2.520017889561372e-05,0.0
3.1599999999999766,0.0029500000000000004,-0.0,4.932304489404754e-07,4.294121364406075e-06,-2.052132577258423e-05,0.0,0.00365,-0.0,5.973094803946263e-07,5.273089341832487e-06,-2.5217423666137345e-05,0.0
3.1699999999999764,0.0029500000000000004,-0.0,4.927290896741508e-07,4.294268733528783e-06,-2.0523124831498393e-05,0.0,0.00365,-0.0,5.962651112584237e-07,5.275867802672047e-06,-2.5233581927454704e-05,0.0
3.179999999999976,0.0029500000000000004,-0.0,4.92421998723967e-07,4.2944803654773615e-06,-2.0524836231413737e-05,0.0,0.00365,-0.0,5.959327072938777e-07,5.278726876066457e-06,-2.5248641084635545e-05,0.0
3.189999999999976,0.0029500000000000004,-0.0,4.92249003080458e-07,4.2947288242353135e-06,-2.0526449305926516e-05,0.0,0.00365,-0.0,5.960724847822809e-07,5.281569357903434e-06,-2.526261952353387e-05,0.0
3.1999999999999758,0.0029500000000000004,-0.0,4.921676310405956e-07,4.294995331581225e-06,-2.0527959473286048e-05,0.0,0.00365,-0.0,5.965167056943194e-07,5.284332283380702e-06,-2.5275555380547586e-05,0.0
3.2099999999999755,0.0029500000000000004,-0.0,4.921479779347079e-07,4.2952672076606615e-06,-2.0529366229347263e-05,0.0,0.00365,-0.0,5.971486566355773e-07,5.28697653141094e-06,-2.528749874389888e-05,0.0
3.2199999999999753,0.0029500000000000004,-0.0,4.921690550543756e-07,4.295536054954936e-06,-2.0530671740526686e-05,0.0,0.00365,-0.0,5.978877107708125e-07,5.2894794708959485e-06,-2.529850628059048e-05,0.0
3.229999999999975,0.0029500000000000004,-0.0,4.922161938109693e-07,4.29579647080617e-06,-2.053187986194118e-05,0.0,0.0036,-0.0,6.048040826930373e-07,5.289143210173058e-06,-2.5282208071142926e-05,0.0
3.239999999999975,0.0029500000000000004,-0.0,4.922792006013128e-07,4.2960451356564785e-06,-2.0532995456477207e-05,0.0,0.0036,-0.0,6.092519377923273e-07,5.287886989799695e-06,-2.5266504549182343e-05,0.0
3.2499999999999747,0.0029500000000000004,-0.0,4.923510456994036e-07,4.296280168273664e-06,-2.0534023926510147e-05,0.0,0.0036,-0.0,6.119830065947297e-07,5.286061550718326e-06,-2.525156907913175e-05,0.0
3.2599999999999745,0.0029500000000000004,-0.0,4.924269319998844e-07,4.296500670624626e-06,-2.0534970895579025e-05,0.0,0.0036,-0.0,6.135288742364837e-07,5.283909305739832e-06,-2.5237496068710614e-05,0.0
3.2699999999999743,0.003,-0.0,4.863782691539284e-07,4.299392973151284e-06,-2.0562271536617783e-05,0.0,0.0036,-0.0,6.142647524096569e-07,5.281596184221246e-06,-2.522432617155985e-05,0.0
3.279999999999974,0.003,-0.0,4.82811558110489e-07,4.3030343338911905e-06,-2.0588090919131432e-05,0.0,0.0036,-0.0,6.144548354888121e-07,5.279234241973606e-06,-2.521206401718548e-05,0.0
3.289999999999974,0.003,-0.0,4.80949101634533e-07,4.307075868473915e-06,-2.0612319851829178e-05,0.0,0.0036,-0.0,6.14284554065872e-07,5.276897704014933e-06,-2.5200690640525786e-05,0.0
3.2999999999999736,0.003,-0.0,4.802426897039648e-07,4.311280462964925e-06,-2.0634925652855943e-05,0.0,0.0036,-0.0,6.138835065826451e-07,5.274634338068306e-06,-2.5190172155500065e-05,0.0
3.3099999999999734,0.003,-0.0,4.803069778467535e-07,4.315489602650953e-06,-2.0655926305423483e-05,0.0,0.0035499999999999998,-0.0,6.194671228773126e-07,5.2697869363352565e-06,-2.515403619668798e-05,0.0
3.319999999999973,0.003,-0.0,4.808721162237099e-07,4.319599846187636e-06,-2.0675372384297058e-05,0.0,0.0035499999999999998,-0.0,6.224888958382468e-07,5.264295108540984e-06,-2.5120075670331495e-05,0.0
3.329999999999973,0.003,-0.0,4.817500743357439e-07,4.323546156725715e-06,-2.0693334485345668e-05,0.0,0.0035499999999999998,-0.0,6.237675629518377e-07,5.258516193577741e-06,-2.5088355532085713e-05,0.0
3.3399999999999728,0.003,-0.0,4.828107086280282e-07,4.32729010637502e-06,-2.0709894546645865e-05,0.0,0.0035499999999999998,-0.0,6.238790261106566e-07,5.2526900758539e-06,-2.505886388155573e-05,0.0
3.3499999999999726,0.003,-0.0,4.839647604939447e-07,4.330811542968392e-06,-2.0725139916447547e-05,0.0,0.0035499999999999998,-0.0,6.232269500125558e-07,5.246974268379123e-06,-2.5031539007062563e-05,0.0
3.3599999999999723,0.003,-0.0,4.851517835418833e-07,4.334102715505348e-06,-2.0739159355322302e-05,0.0,0.0035499999999999998,-0.0,6.220929522358427e-07,5.241468776208727e-06,-2.5006288220965582e-05,0.0
3.369999999999972,0.003,-0.0,4.863315763280445e-07,4.337164144531883e-06,-2.075204039591552e-05,0.0,0.0035499999999999998,-0.0,6.206722748603106e-07,5.236233696177719e-06,-2.4983000887580494e-05,0.0
3.379999999999972,0.003,-0.0,4.874781075729314e-07,4.340001729951198e-06,-2.0763867651586345e-05,0.0,0.0035499999999999998,-0.0,6.190991284913193e-07,5.231301655629164e-06,-2.4961557350081086e-05,0.0
3.3899999999999717,0.003,-0.0,4.88575213196717e-07,4.342624735485246e-06,-2.077472178453781e-05,0.0,0.0035800000000000003,-0.0,6.137894734380913e-07,5.22829853601083e-06,-2.495769274324762e-05,0.0
3.3999999999999715,0.003,-0.0,4.896135525058118e-07,4.345044393385552e-06,-2.07846789288242e-05,0.0,0.0035800000000000003,-0.0,6.099694015315644e-07,5.226071965784876e-06,-2.4954581136010863e-05,0.0
3.4099999999999713,0.003,-0.0,4.905884588594624e-07,4.347272947239381e-06,-2.0793810423844304e-05,0.0,0.0035800000000000003,-0.0,6.07212824904201e-07,5.224405532877991e-06,-2.49520358399491e-05,0.0
3.419999999999971,0.003,-0.0,4.914984254467874e-07,4.349323003526249e-06,-2.0802182756680776e-05,0.0,0.0035800000000000003,-0.0,6.052162466122536e-07,5.223144605066463e-06,-2.4949921445489725e-05,0.0
3.429999999999971,0.003,-0.0,4.923440417257844e-07,4.351207100135193e-06,-2.0809857641974627e-05,0.0,0.0035800000000000003,-0.0,6.037634293999149e-07,5.222178565568807e-06,-2.4948139248068516e-05,0.0
3.4399999999999706,0.0030499999999999998,-0.0,4.870018883672549e-07,4.355624015947143e-06,-2.084332184035469e-05,0.0,0.0035800000000000003,-0.0,6.027002521536193e-07,5.22142816754006e-06,-2.4946616859406564e-05,0.0
3.4499999999999704,0.0030499999999999998,-0.0,4.8408336328388e-07,4.3606624491645235e-06,-2.0874787524807455e-05,0.0,0.0035800000000000003,-0.0,6.019168160203102e-07,5.220836531516419e-06,-2.4945300798405026e-05,0.0
3.45999999999997,0.0030499999999999998,-0.0,4.828153743947576e-07,4.3659840773110025e-06,-2.0904188813631625e-05,0.0,0.0035800000000000003,-0.0,6.013347094961437e-07,5.220362735502121e-06,-2.4944151203705132e-05,0.0
3.46999999999997,0.0030499999999999998,-0.0,4.826540143323e-07,4.371361503905188e-06,-2.0931532733128966e-05,0.0,0.00365,-0.0,5.923224399603725e-07,5.223738479067675e-06,-2.498013958682374e-05,0.0
3.47999999999997,0.0030499999999999998,-0.0,4.832179399173575e-07,4.376645145960062e-06,-2.0956873665667844e-05,0.0,0.00365,-0.0,5.868920622156701e-07,5.228250212989963e-06,-2.5014266279063145e-05,0.0
3.4899999999999696,0.0030499999999999998,-0.0,4.842410092807367e-07,4.3817397654261525e-06,-2.0980295546902438e-05,0.0,0.00365,-0.0,5.839280584906875e-07,5.233393259972128e-06,-2.5046353353754928e-05,0.0
3.4999999999999694,0.0030499999999999998,-0.0,4.855386189125544e-07,4.386587855301472e-06,-2.100189954535656e-05,0.0,0.00365,-0.0,5.826435566065388e-07,5.238823355523835e-06,-2.507633419912023e-05,0.0
3.509999999999969,0.0030499999999999998,-0.0,4.869837861146491e-07,4.391157896241159e-06,-2.1021795614015676e-05,0.0,0.00365,-0.0,5.824849652354e-07,5.244309136463063e-06,-2.510421637814697e-05,0.0
3.519999999999969,0.0029,-0.0,5.068662428836022e-07,4.387376284297075e-06,-2.0960807722017837e-05,0.0,0.00365,-0.0,5.830641617920234e-07,5.249698436764879e-06,-2.5130055622660793e-05,0.0
3.5299999999999687,0.0029,-0.0,5.193023569288188e-07,4.38101000854457e-06,-2.0902569912631638e-05,0.0,0.00365,-0.0,5.841102824914561e-07,5.254894399833066e-06,-2.5153937714926742e-05,0.0
3.5399999999999685,0.0029,-0.0,5.265834228547983e-07,4.373113017816576e-06,-2.0847534684883187e-05,0.0,0.00365,-0.0,5.854354574203357e-07,5.2598385680187814e-06,-2.5175965949457894e-05,0.0
3.5499999999999683,0.0029,-0.0,5.303278462226975e-07,4.364409398086728e-06,-2.0795919474754202e-05,0.0,0.00365,-0.0,5.86910465346474e-07,5.264498929724433e-06,-2.519625253588404e-05,0.0
3.559999999999968,0.0029,-0.0,5.316762220850159e-07,4.355390680972976e-06,-2.0747783225610395e-05,0.0,0.00365,-0.0,5.884474441974784e-07,5.268861487534693e-06,-2.5214912778974484e-05,0.0
3.569999999999968,0.0029,-0.0,5.314300665025723e-07,4.3463849053233694e-06,-2.0703080138481007e-05,0.0,0.00365,-0.0,5.899876194210115e-07,5.272924325697064e-06,-2.5232061209877338e-05,0.0
3.5799999999999677,0.0029,-0.0,5.301504590543529e-07,4.337605593809552e-06,-2.06616972455197e-05,0.0,0.00365,-0.0,5.914926003934837e-07,5.276693450452909e-06,-2.5247809082941294e-05,0.0
3.5899999999999674,0.0029,-0.0,5.282281648274163e-07,4.329186451211069e-06,-2.0623480528802766e-05,0.0,0.00365,-0.0,5.92938213407728e-07,5.2801798867231365e-06,-2.5262262823308205e-05,0.0
3.5999999999999672,0.0029,-0.0,5.259334673924117e-07,4.321205915207669e-06,-2.058825293996239e-05,0.0,0.00365,-0.0,5.943101374563113e-07,5.283397664049695e-06,-2.5275523131859328e-05,0.0
3.609999999999967,0.00297,-0.0,5.148760671123474e-07,4.317465740328517e-06,-2.0592828296707314e-05,0.0,0.00365,-0.0,5.956008208414298e-07,5.286362430967236e-06,-2.5287684540334184e-05,0.0
3.619999999999967,0.00297,-0.0,5.072332914197995e-07,4.315288560100104e-06,-2.0598039513975288e-05,0.0,0.00365,-0.0,5.968073073522891e-07,5.289090512569055e-06,-2.5298835270670203e-05,0.0
3.6299999999999666,0.00297,-0.0,5.020014076085544e-07,4.314182956174358e-06,-2.0603539118832868e-05,0.0,0.00365,-0.0,5.979297079806993e-07,5.291598279789865e-06,-2.530905729605802e-05,0.0
3.6399999999999664,0.00297,-0.0,4.984677553994337e-07,4.313802649504403e-06,-2.0609093623304922e-05,0.0,0.0035,-0.0,6.173462067897493e-07,5.2858419278366005e-06,-2.5239137383999254e-05,0.0
3.649999999999966,0.00297,-0.0,4.961266662447826e-07,4.3139043548680536e-06,-2.0614549494433387e-05,0.0,0.0035,-0.0,6.292343008059173e-07,5.277605787939603e-06,-2.5172667537191653e-05,0.0
3.659999999999966,0.00297,-0.0,4.946196432910431e-07,4.314317814472944e-06,-2.061980903583175e-05,0.0,0.0035,-0.0,6.359271185181731e-07,5.267952560220714e-06,-2.511005583284499e-05,0.0
3.6699999999999657,0.00297,-0.0,4.936928041153032e-07,4.314924496093359e-06,-2.0624813314045995e-05,0.0,0.0035,-0.0,6.390713093714279e-07,5.25760928472758e-06,-2.5051474880616517e-05,0.0
3.6799999999999655,0.00297,-0.0,4.931666066695971e-07,4.315642454979118e-06,-2.0629530090489866e-05,0.0,0.0035,-0.0,6.398261697432743e-07,5.247066596641162e-06,-2.4996939619000237e-05,0.0
3.6899999999999653,0.00297,-0.0,4.929143150809204e-07,4.316415580168638e-06,-2.0633945308477455e-05,0.0,0.0035,-0.0,6.390052438480978e-07,5.236649150060874e-06,-2.4946361844882194e-05,0.0
3.699999999999965,0.00297,-0.0,4.928466839487694e-07,4.317205959162624e-06,-2.0638057103777644e-05,0.0,0.0035,-0.0,6.371769982406405e-07,5.226565542803834e-06,-2.4899588256234126e-05,0.0
3.709999999999965,0.00297,-0.0,4.929010670200971e-07,4.317988460180858e-06,-2.0641871605154107e-05,0.0,0.0035,-0.0,6.347363807426969e-07,5.216943670073302e-06,-2.4856426826678948e-05,0.0
3.7199999999999647,0.00297,-0.0,4.930336736139701e-07,4.318746891134365e-06,-2.0645400003392937e-05,0.0,0.00362,-0.0,6.172548078357811e-07,5.2143035791163024e-06,-2.4880096290360216e-05,0.0
3.7299999999999645,0.00297,-0.0,4.932140644075248e-07,4.3194712793852225e-06,-2.064865651816468e-05,0.0,0.00362,-0.0,6.05578687705759e-07,5.2140642327678545e-06,-2.490355821010373e-05,0.0
3.7399999999999642,0.00297,-0.0,4.934212402270196e-07,4.320155947959089e-06,-2.0651656999370556e-05,0.0,0.00362,-0.0,5.979695921151364e-07,5.215395647389569e-06,-2.492631690580856e-05,0.0
3.749999999999964,0.00297,-0.0,4.936408639441656e-07,4.320798157507659e-06,-2.0654417975944612e-05,0.0,0.00362,-0.0,5.931958476154476e-07,5.2177187613135e-06,-2.4948066284226947e-05,0.0
3.759999999999964,0.00297,-0.0,4.938632882553638e-07,4.3213971499385315e-06,-2.0656956019362965e-05,0.0,0.00362,-0.0,5.90385932328552e-07,5.220632097803695e-06,-2.4968631246866927e-05,0.0
3.7699999999999636,0.0029,-0.0,5.026576577476424e-07,4.318192225928482e-06,-2.062228569367642e-05,0.0,0.00362,-0.0,5.889241920324572e-07,5.223859660303475e-06,-2.498792632479434e-05,0.0
3.7799999999999634,0.0029,-0.0,5.079678468110011e-07,4.313876963039481e-06,-2.058939947073702e-05,0.0,0.00362,-0.0,5.883766671846106e-07,5.227213929597782e-06,-2.5005926544398743e-05,0.0
3.789999999999963,0.0029,-0.0,5.108782784217079e-07,4.308942382225373e-06,-2.0558472383508373e-05,0.0,0.00362,-0.0,5.884383437616941e-07,5.230569601135339e-06,-2.502264697136578e-05,0.0
3.799999999999963,0.0029,-0.0,5.121539420673216e-07,4.303723554437707e-06,-2.052957110130903e-05,0.0,0.0035800000000000003,-0.0,5.937959327714304e-07,5.231695672243426e-06,-2.501698461291822e-05,0.0
3.8099999999999627,0.0029,-0.0,5.123330811786715e-07,4.2984457810564905e-06,-2.0502690041258716e-05,0.0,0.0035800000000000003,-0.0,5.974137388640182e-07,5.232079211730334e-06,-2.501126858150956e-05,0.0
3.8199999999999625,0.0029,-0.0,5.117931018007027e-07,4.293257354552001e-06,-2.0477776657105328e-05,0.0,0.0035800000000000003,-0.0,5.998098662574904e-07,5.231969444123518e-06,-2.5005655966447327e-05,0.0
3.8299999999999623,0.0029,-0.0,5.107974296350878e-07,4.28825277821199e-06,-2.0454749060984658e-05,0.0,0.0035800000000000003,-0.0,6.013516227322063e-07,5.231540771619294e-06,-2.5000246663914095e-05,0.0
3.839999999999962,0.0029,-0.0,5.095288136964204e-07,4.283489204373774e-06,-2.0433508220707687e-05,0.0,0.0035800000000000003,-0.0,6.022991255134538e-07,5.2309146005116695e-06,-2.499510086971576e-05,0.0
3.849999999999962,0.0029,-0.0,5.081129887884468e-07,4.278998054107006e-06,-2.041394632575808e-05,0.0,0.0035800000000000003,-0.0,6.028363212465183e-07,5.230174851980351e-06,-2.4990251443238873e-05,0.0
3.8599999999999617,0.00292,-0.0,5.041853373569603e-07,4.275867858621695e-06,-2.0406524352853e-05,0.0,0.0035800000000000003,-0.0,6.030930507397974e-07,5.2293789804545575e-06,-2.4985712628827255e-05,0.0
3.8699999999999615,0.00292,-0.0,5.012465514211404e-07,4.27333154244612e-06,-2.0399995771262754e-05,0.0,0.0035800000000000003,-0.0,6.031607419710327e-07,5.228565796794602e-06,-2.498148619156427e-05,0.0
3.8799999999999613,0.00292,-0.0,4.99023515465742e-07,4.271243758750911e-06,-2.0394207623000835e-05,0.0,0.00362,-0.0,5.982032836146048e-07,5.22991030769018e-06,-2.4998709519686585e-05,0.0
3.889999999999961,0.00292,-0.0,4.973208683553213e-07,4.269498902903438e-06,-2.0389042275069544e-05,0.0,0.00362,-0.0,5.951524272485978e-07,5.231890680424982e-06,-2.501509849515351e-05,0.0
3.899999999999961,0.00292,-0.0,4.959986635435552e-07,4.2680198332645105e-06,-2.0384407969253222e-05,0.0,0.00362,-0.0,5.934182729749348e-07,5.234237611973674e-06,-2.5030546859388765e-05,0.0
3.9099999999999606,0.00292,-0.0,4.949564650907297e-07,4.266749829648961e-06,-2.0380232035490175e-05,0.0,0.00362,-0.0,5.925844115046479e-07,5.236766679617795e-06,-2.5045008116110633e-05,0.0
3.9199999999999604,0.00292,-0.0,4.941220239566945e-07,4.265646856972436e-06,-2.037645600582646e-05,0.0,0.00362,-0.0,5.923576062718243e-07,5.2393532555626456e-06,-2.505847585150931e-05,0.0
3.92999999999996,0.00292,-0.0,4.934432141349485e-07,4.264679470431833e-06,-2.037303208557212e-05,0.0,0.00362,-0.0,5.92532011248582e-07,5.241914707163279e-06,-2.5070969935363636e-05,0.0
3.93999999999996,0.0029500000000000004,-0.0,4.892070745113291e-07,4.265435856805385e-06,-2.0385778447951714e-05,0.0,0.00362,-0.0,5.929637302757957e-07,5.244397777273866e-06,-2.508252688977372e-05,0.0
3.9499999999999598,0.0029500000000000004,-0.0,4.865513173491583e-07,4.266744011900927e-06,-2.039795726209118e-05,0.0,0.00362,-0.0,5.935527335236508e-07,5.246769646829599e-06,-2.509319320776595e-05,0.0
3.9599999999999596,0.0029500000000000004,-0.0,4.849900463029592e-07,4.2683801800157304e-06,-2.0409471298295096e-05,0.0,0.0036,-0.0,5.966801505203457e-07,5.247936969358924e-06,-2.509244885376692e-05,0.0
3.9699999999999593,0.0029500000000000004,-0.0,4.841800276809979e-07,4.270190562254439e-06,-2.0420273268701214e-05,0.0,0.0036,-0.0,5.988554091652254e-07,5.248659895918886e-06,-2.5091484210536346e-05,0.0
3.979999999999959,0.0029500000000000004,-0.0,4.838793334442898e-07,4.27207068521082e-06,-2.043034958547375e-05,0.0,0.0036,-0.0,6.003573330061508e-07,5.2490756400412115e-06,-2.5090399336968036e-05,0.0
3.989999999999959,0.0029500000000000004,-0.0,4.839179296582468e-07,4.27395075808243e-06,-2.0439708957544864e-05,0.0,0.0036,-0.0,6.013839771107546e-07,5.249281082415443e-06,-2.5089262367777985e-05,0.0
3.9999999999999587,0.0029500000000000004,-0.0,4.841767637499447e-07,4.275785287904197e-06,-2.0448374417481585e-05,0.0,0.0036,-0.0,6.020759519652454e-07,5.249344466920344e-06,-2.5088118978078282e-05,0.0
4.009999999999959,0.0029500000000000004,-0.0,4.84572898086723e-07,4.277545721890939e-06,-2.0456377777341553e-05,0.0,0.0036,-0.0,6.025330181033446e-07,5.249313718085677e-06,-2.5086999096693337e-05,0.0
4.019999999999959,0.0030800000000000003,-0.0,4.691230159400227e-07,4.286200433961896e-06,-2.053247317953828e-05,0.0,0.0036,-0.0,6.028258924434889e-07,5.249222354836906e-06,-2.5085921663514288e-05,0.0
4.0299999999999585,0.0030800000000000003,-0.0,4.6017018440285327e-07,4.296740875605494e-06,-2.0604313976106163e-05,0.0,0.0036,-0.0,6.030046475030911e-07,5.249093694183246e-06,-2.5084897996666372e-05,0.0
4.039999999999958,0.0030800000000000003,-0.0,4.556692757946875e-07,4.308255392099894e-06,-2.06716422208975e-05,0.0,0.0036,-0.0,6.031046863037438e-07,5.248943838418468e-06,-2.508393417195095e-05,0.0
4.049999999999958,0.0030800000000000003,-0.0,4.5417937291923923e-07,4.320126128368637e-06,-2.0734399008932606e-05,0.0,0.0036,-0.0,6.031509923160551e-07,5.248783797023266e-06,-2.508303270082352e-05,0.0
4.059999999999958,0.0030800000000000003,-0.0,4.5468830337102297e-07,4.331941703765148e-06,-2.0792656608877008e-05,0.0,0.0036,-0.0,6.031611520822116e-07,5.248620993143695e-06,-2.5082193710492072e-05,0.0
4.069999999999958,0.0030800000000000003,-0.0,4.5648788070901504e-07,4.343435289575556e-06,-2.0846571047203095e-05,0.0,0.0036,-0.0,6.031475046196589e-07,5.2484603324280815e-06,-2.508141577089784e-05,0.0
4.079999999999957,0.0030800000000000003,-0.0,4.590852197744885e-07,4.354440744659345e-06,-2.0896349171910845e-05,0.0,0.0036,-0.0,6.031186695720445e-07,5.248304960706753e-06,-2.5080696471491906e-05,0.0
4.089999999999957,0.0030800000000000003,-0.0,4.621397143244419e-07,4.364861584408652e-06,-2.0942225952272697e-05,0.0,0.0036,-0.0,6.030806333943735e-07,5.2481568004977115e-06,-2.5080032820950077e-05,0.0
4.099999999999957,0.0030800000000000003,-0.0,4.6541826865078697e-07,4.374649066485586e-06,-2.0984449000601433e-05,0.0,0.0036,-0.0,6.030375211422005e-07,5.24801693034916e-06,-2.5079421521791418e-05,0.0
4.109999999999957,0.0030800000000000003,-0.0,4.6876351206908925e-07,4.383786749959467e-06,-2.102326817649128e-05,0.0,0.0036,-0.0,6.029921446339325e-07,5.247885852549918e-06,-2.507885915680299e-05,0.0
4.119999999999957,0.0030800000000000003,-0.0,4.720712459365283e-07,4.392279648012883e-06,-2.1058928755800532e-05,0.0,0.0035800000000000003,-0.0,6.053965344129226e-07,5.2466890361644046e-06,-2.506777040746724e-05,0.0
4.129999999999956,0.0030800000000000003,-0.0,4.7527445498605875e-07,4.400146637621144e-06,-2.1091667088725535e-05,0.0,0.0035800000000000003,-0.0,6.068084823172874e-07,5.245195538325462e-06,-2.5057288218373576e-05,0.0
4.139999999999956,0.0030800000000000003,-0.0,4.783319847557303e-07,4.407415176081908e-06,-2.112170798553266e-05,0.0,0.0035800000000000003,-0.0,6.075393137734242e-07,5.243544801789451e-06,-2.5047455187928592e-05,0.0
4.149999999999956,0.0030800000000000003,-0.0,4.812205347743289e-07,4.414117649199573e-06,-2.114926329177418e-05,0.0,0.0035800000000000003,-0.0,6.07808459039303e-07,5.241831530581365e-06,-2.5038283369151992e-05,0.0
4.159999999999956,0.0030800000000000003,-0.0,4.839290069981967e-07,4.4202888714897754e-06,-2.1174531273376577e-05,0.0,0.0035800000000000003,-0.0,6.077701332538458e-07,5.240118972568621e-06,-2.5029764611873745e-05,0.0
4.1699999999999555,0.0030800000000000003,-0.0,4.864545263645705e-07,4.425964397859307e-06,-2.119769654454106e-05,0.0,0.0035800000000000003,-0.0,6.07532306928732e-07,5.238448339383281e-06,-2.502187779351726e-05,0.0
4.179999999999955,0.0030800000000000003,-0.0,4.887996476719325e-07,4.431179405128434e-06,-2.1218930351228805e-05,0.0,0.0035800000000000003,-0.0,6.071701916193096e-07,5.2368454803832394e-06,-2.5014593846621093e-05,0.0
4.189999999999955,0.0030499999999999998,-0.0,4.946456176198519e-07,4.434356003661491e-06,-2.122253321923209e-05,0.0,0.0035800000000000003,-0.0,6.067358237769688e-07,5.235325605056959e-06,-2.5007879228427622e-05,0.0
4.199999999999955,0.0030499999999999998,-0.0,4.988354180060933e-07,4.436680529112656e-06,-2.1225355726233515e-05,0.0,0.00367,-0.0,5.952392304981615e-07,5.238732524347764e-06,-2.5049271872450107e-05,0.0
4.209999999999955,0.0030499999999999998,-0.0,5.018441948905655e-07,4.43839334797534e-06,-2.1227601222166096e-05,0.0,0.00367,-0.0,5.882000640096433e-07,5.2436077983123e-06,-2.5088622394846823e-05,0.0
4.2199999999999545,0.0030499999999999998,-0.0,5.04010269095019e-07,4.439665954667256e-06,-2.1229416231630918e-05,0.0,0.00367,-0.0,5.842369374589123e-07,5.24932221859574e-06,-2.5125689131765955e-05,0.0
4.229999999999954,0.0030499999999999998,-0.0,5.055745799207416e-07,4.4406207968421896e-06,-2.123090668977808e-05,0.0,0.00367,-0.0,5.823749097396922e-07,5.25544531298262e-06,-2.516036983763324e-05,0.0
4.239999999999954,0.0030499999999999998,-0.0,5.067087545010083e-07,4.441345386121564e-06,-2.1232149508482603e-05,0.0,0.00367,-0.0,5.819275884739068e-07,5.261686579054899e-06,-2.519265562373916e-05,0.0
4.249999999999954,0.0030499999999999998,-0.0,5.075350831111255e-07,4.44190234210415e-06,-2.1233200818513692e-05,0.0,0.00367,-0.0,5.8241329199985e-07,5.267853788140171e-06,-2.522259867248331e-05,0.0
4.259999999999954,0.0030499999999999998,-0.0,5.081407347010992e-07,4.442336542280722e-06,-2.1234101845377184e-05,0.0,0.00367,-0.0,5.834954427517941e-07,5.273823426145825e-06,-2.525028971304709e-05,0.0
4.269999999999953,0.0030499999999999998,-0.0,5.085878737070193e-07,4.442680212307116e-06,-2.123488310039234e-05,0.0,0.00367,-0.0,5.849401991689945e-07,5.27951976156073e-06,-2.5275842405458925e-05,0.0
4.279999999999953,0.0030800000000000003,-0.0,5.052456459701407e-07,4.4445685191493645e-06,-2.1251425233710288e-05,0.0,0.0036,-0.0,5.951618501715839e-07,5.281138783610231e-06,-2.5262380928868133e-05,0.0
4.289999999999953,0.0030800000000000003,-0.0,5.033109031736206e-07,4.4468644169461005e-06,-2.1267041037900154e-05,0.0,0.0036,-0.0,6.019983658378761e-07,5.281352470999419e-06,-2.5249012999948813e-05,0.0
4.299999999999953,0.0030800000000000003,-0.0,5.023404854396293e-07,4.449370429656127e-06,-2.1281674974683755e-05,0.0,0.0036,-0.0,6.064627360639253e-07,5.280644900342683e-06,-2.5236029670438937e-05,0.0
4.3099999999999525,0.0030800000000000003,-0.0,5.020221684239495e-07,4.451952743326961e-06,-2.1295314609845214e-05,0.0,0.0036,-0.0,6.092727173669218e-07,5.27935392547115e-06,-2.522361135564815e-05,0.0
4.319999999999952,0.0030800000000000003,-0.0,5.021366382710077e-07,4.454522282394871e-06,-2.1307975908144336e-05,0.0,0.0036,-0.0,6.109362387989366e-07,5.277713904085939e-06,-2.5211861983515896e-05,0.0
4.329999999999952,0.0030800000000000003,-0.0,5.025304552781013e-07,4.457021290979214e-06,-2.1319692960119195e-05,0.0,0.0036,-0.0,6.118121544926789e-07,5.2758860551600804e-06,-2.5200833106757744e-05,0.0
4.339999999999952,0.0030800000000000003,-0.0,5.030968351994327e-07,4.4594138275244814e-06,-2.1330510846571225e-05,0.0,0.0036,-0.0,6.121534548659419e-07,5.273980018378528e-06,-2.519054088860342e-05,0.0
4.349999999999952,0.0030800000000000003,-0.0,5.037619918344759e-07,4.461679040518613e-06,-2.1340480721129037e-05,0.0,0.0036,-0.0,6.121379971998709e-07,5.272069156592428e-06,-2.5180978031895003e-05,0.0
4.3599999999999515,0.0028799999999999997,-0.0,5.289768630826996e-07,4.453059960661192e-06,-2.124393737458016e-05,0.0,0.00362,-0.0,6.094402138555303e-07,5.2712760550492074e-06,-2.5182694031480097e-05,0.0
4.369999999999951,0.0028799999999999997,-0.0,5.442728903955884e-07,4.441245060824977e-06,-2.115229788988173e-05,0.0,0.00362,-0.0,6.075903792436037e-07,5.270861721150394e-06,-2.5184520888725217e-05,0.0
4.379999999999951,0.0028799999999999997,-0.0,5.527328966258769e-07,4.427632941832515e-06,-2.1066073488537617e-05,0.0,0.00362,-0.0,6.063380729979595e-07,5.270704323175085e-06,-2.5186375788556718e-05,0.0
4.389999999999951,0.0028799999999999997,-0.0,5.565319492739338e-07,4.413178807869317e-06,-2.0985466327266437e-05,0.0,0.00362,-0.0,6.055055901162022e-07,5.270718223482315e-06,-2.5188204067867835e-05,0.0
4.399999999999951,0.0028799999999999997,-0.0,5.572007287654544e-07,4.3985257052588286e-06,-2.0910472200913494e-05,0.0,0.00362,-0.0,6.049669280083732e-07,5.270843451165951e-06,-2.518997073809159e-05,0.0
4.40999999999995,0.0028799999999999997,-0.0,5.558128080779661e-07,4.38409762901293e-06,-2.0840952486379798e-05,0.0,0.00362,-0.0,6.046328372979516e-07,5.2710382183168695e-06,-2.5191654482789927e-05,0.0
4.41999999999995,0.0028799999999999997,-0.0,5.531177992478038e-07,4.3701655184339966e-06,-2.0776684294259192e-05,0.0,0.00362,-0.0,6.04440187255048e-07,5.271273601469527e-06,-2.5193243413923313e-05,0.0
4.42999999999995,0.0028799999999999997,-0.0,5.496359892333528e-07,4.356893982443704e-06,-2.0717395200794512e-05,0.0,0.00362,-0.0,6.043444012246953e-07,5.2715297632059085e-06,-2.5194732077272954e-05,0.0
4.43999999999995,0.0030299999999999997,-0.0,5.27349510501333e-07,4.352434177261307e-06,-2.0742076402980675e-05,0.0,0.00362,-0.0,6.043140763976521e-07,5.271793269200037e-06,-2.5196119344633447e-05,0.0
4.4499999999999496,0.0030299999999999997,-0.0,5.123280959569065e-07,4.351058432207682e-06,-2.0766898191459682e-05,0.0,0.00362,-0.0,6.043271577200958e-07,5.272055184289797e-06,-2.519740693508496e-05,0.0
4.459999999999949,0.0030299999999999997,-0.0,5.024061532663287e-07,4.351726377951716e-06,-2.0791210732894183e-05,0.0,0.00362,-0.0,6.043682175125428e-07,5.272309722458895e-06,-2.519859838213676e-05,0.0
4.469999999999949,0.0030299999999999997,-0.0,4.96048562735003e-07,4.353710361603916e-06,-2.081460275263264e-05,0.0,0.00362,-0.0,6.044265217158154e-07,5.27255329057416e-06,-2.5199698316521528e-05,0.0
4.479999999999949,0.0030299999999999997,-0.0,4.921683492731358e-07,4.356504193883446e-06,-2.0836828439941642e-05,0.0,0.00362,-0.0,6.044946557232012e-07,5.272783811946997e-06,-2.5200711972113307e-05,0.0
4.489999999999949,0.0030299999999999997,-0.0,4.89996980625214e-07,4.359758303489053e-06,-2.0857755794609803e-05,0.0,0.00362,-0.0,6.045675482525743e-07,5.273000248677336e-06,-2.520164484925233e-05,0.0
4.4999999999999485,0.0030299999999999997,-0.0,4.889921105880731e-07,4.363233675159118e-06,-2.087733020083555e-05,0.0,0.00362,-0.0,6.046417783165493e-07,5.273202265139866e-06,-2.5202502488827993e-05,0.0
