t,x_actual,y_actual,x_deseada,y_deseada,Ref_Izq,Ref_Der,Vel_Lineal,Vel_Angular,error_x,error_y
0.05,0.3,0.0,2.0,0.0,-6.0,6.0,58.6925,0.0,1.7,0.0
0.1,0.3,0.0,2.0,0.0,-0.9668749999999999,0.9668749999999999,7.734999999999999,0.0,1.7,0.0
0.15000000000000002,0.3,0.0,2.0,0.0,-0.9721875,0.9721875,7.7775,0.0,1.7,0.0
0.2,0.09566195915672507,0.28448536156041815,2.0,0.0,-6.0,-6.0,-4.591512357357404,-57.41135190308783,1.9043380408432748,-0.28448536156041815
0.25,0.09534638139042312,0.284590952366194,2.0,0.0,-6.0,-6.0,1.5540737693708735,-29.205204348886998,1.9046536186095768,-0.284590952366194
0.3,0.09533082817950138,0.28459614632153535,2.0,0.0,-6.0,-6.0,1.5619187065505606,-29.332169217221843,1.9046691718204987,-0.28459614632153535
0.35,0.09532920168846604,0.2845966894311621,2.0,0.0,-6.0,-6.0,1.5701829249071564,-29.48882991519872,1.904670798311534,-0.2845966894311621
0.39999999999999997,0.095329167825102,0.28459670074632437,2.0,0.0,-6.0,-6.0,1.5784962721900744,-29.646736637273733,1.904670832174898,-0.28459670074632437
0.44999999999999996,0.09532916782791893,0.28459670074638577,2.0,0.0,-6.0,-6.0,1.586810655470172,-29.804806535929426,1.904670832172081,-0.28459670074638577
0.49999999999999994,0.09532916782951723,0.28459670074642063,2.0,0.0,-6.0,-6.0,1.5951250381593016,-29.96288000536019,1.9046708321704828,-0.28459670074642063
0.5499999999999999,0.09532916782951723,0.28459670074642063,2.0,0.0,-6.0,-6.0,1.603439420854696,-30.12095347484929,1.9046708321704828,-0.28459670074642063
0.6,0.09532916782969492,0.2845967007464245,2.0,0.0,-6.0,-6.0,1.6117538035318586,-30.279026944168592,1.904670832170305,-0.2845967007464245
0.65,0.09532916782969494,0.2845967007464245,2.0,0.0,-6.0,-6.0,1.6200681862128894,-30.43710041352392,1.904670832170305,-0.2845967007464245
0.7000000000000001,0.09532916782969496,0.2845967007464245,2.0,0.0,-6.0,-6.0,1.6283825688921212,-30.595173882862486,1.904670832170305,-0.2845967007464245
0.7500000000000001,0.09532916782969496,0.2845967007464245,2.0,0.0,-6.0,-6.0,1.636696951571353,-30.753247352201054,1.904670832170305,-0.2845967007464245
0.8000000000000002,0.09532916782969496,0.2845967007464245,2.0,0.0,-6.0,-6.0,1.6450113342505845,-30.911320821539622,1.904670832170305,-0.2845967007464245
0.8500000000000002,0.09532916782969496,0.2845967007464245,2.0,0.0,-6.0,-6.0,1.6533257169298163,-31.06939429087819,1.904670832170305,-0.2845967007464245
0.9000000000000002,0.09532916782969496,0.2845967007464245,2.0,0.0,-6.0,-6.0,1.6616400996090481,-31.227467760216758,1.904670832170305,-0.2845967007464245
0.9500000000000003,0.09532916782969496,0.2845967007464245,2.0,0.0,-6.0,-6.0,1.6699544822882797,-31.38554122955533,1.904670832170305,-0.2845967007464245
1.0000000000000002,0.09532916782969496,0.2845967007464245,2.0,0.0,-6.0,-6.0,1.678268864967512,-31.5436146988939,1.904670832170305,-0.2845967007464245
1.0500000000000003,0.09532916782969496,0.2845967007464245,2.0,0.0,-6.0,-6.0,1.6865832476467435,-31.70168816823247,1.904670832170305,-0.2845967007464245
1.1000000000000003,0.09532916782969496,0.2845967007464245,2.0,0.0,-6.0,-6.0,1.694897630325975,-31.85976163757104,1.904670832170305,-0.2845967007464245
1.1500000000000004,0.09532916782969496,0.2845967007464245,2.0,0.0,-6.0,-6.0,1.703212013005207,-32.01783510690961,1.904670832170305,-0.2845967007464245
1.2000000000000004,0.09532916782969496,0.2845967007464245,2.0,0.0,-6.0,-6.0,1.7115263956844387,-32.175908576248176,1.904670832170305,-0.2845967007464245
1.2500000000000004,0.09532916782969496,0.2845967007464245,2.0,0.0,-6.0,-6.0,1.71984077836367,-32.333982045586744,1.904670832170305,-0.2845967007464245
1.3000000000000005,0.09532916782969496,0.2845967007464245,2.0,0.0,-6.0,-6.0,1.728155161042902,-32.49205551492531,1.904670832170305,-0.2845967007464245
1.3500000000000005,0.09532916782969496,0.2845967007464245,2.0,0.0,-6.0,-6.0,1.7364695437221336,-32.65012898426388,1.904670832170305,-0.2845967007464245
1.4000000000000006,0.09532916782969496,0.2845967007464245,2.0,0.0,-6.0,-6.0,1.7447839264013651,-32.80820245360245,1.904670832170305,-0.2845967007464245
1.4500000000000006,0.09532916782969496,0.2845967007464245,2.0,0.0,-6.0,-6.0,1.7530983090805974,-32.96627592294102,1.904670832170305,-0.2845967007464245
1.5000000000000007,0.09532916782969496,0.2845967007464245,2.0,0.0,-6.0,-6.0,1.761412691759829,-33.12434939227959,1.904670832170305,-0.2845967007464245
1.5500000000000007,0.09532916782969496,0.2845967007464245,2.0,0.0,-6.0,-6.0,1.7697270744390607,-33.28242286161816,1.904670832170305,-0.2845967007464245
1.6000000000000008,0.09532916782969496,0.2845967007464245,2.0,0.0,-6.0,-6.0,1.7780414571182925,-33.44049633095673,1.904670832170305,-0.2845967007464245
1.6500000000000008,0.09532916782969496,0.2845967007464245,2.0,0.0,-6.0,-6.0,1.786355839797524,-33.598569800295294,1.904670832170305,-0.2845967007464245
1.7000000000000008,0.09532916782969496,0.2845967007464245,2.0,0.0,-6.0,-6.0,1.794670222476756,-33.75664326963386,1.904670832170305,-0.2845967007464245
1.7500000000000009,0.09532916782969496,0.2845967007464245,2.0,0.0,-6.0,-6.0,1.8029846051559877,-33.91471673897243,1.904670832170305,-0.2845967007464245
1.800000000000001,0.09532916782969496,0.2845967007464245,2.0,0.0,-6.0,-6.0,1.8112989878352197,-34.072790208311005,1.904670832170305,-0.2845967007464245
1.850000000000001,0.09532916782969496,0.2845967007464245,2.0,0.0,-6.0,-6.0,1.8196133705144513,-34.23086367764957,1.904670832170305,-0.2845967007464245
1.900000000000001,0.09532916782969496,0.2845967007464245,2.0,0.0,-6.0,-6.0,1.827927753193683,-34.38893714698814,1.904670832170305,-0.2845967007464245
1.950000000000001,0.09532916782969496,0.2845967007464245,2.0,0.0,-6.0,-6.0,1.8362421358729148,-34.54701061632671,1.904670832170305,-0.2845967007464245
2.000000000000001,0.09532916782969496,0.2845967007464245,2.0,0.0,-6.0,-6.0,1.8445565185521464,-34.70508408566528,1.904670832170305,-0.2845967007464245
2.0500000000000007,0.09532916782969496,0.2845967007464245,2.0,0.0,-6.0,-6.0,1.852870901231378,-34.863157555003845,1.904670832170305,-0.2845967007464245
2.1000000000000005,0.09532916782969496,0.2845967007464245,2.0,0.0,-6.0,-6.0,1.8611852839106098,-35.02123102434241,1.904670832170305,-0.2845967007464245
2.1500000000000004,0.09532916782969496,0.2845967007464245,2.0,0.0,-6.0,-6.0,1.8694996665898413,-35.17930449368099,1.904670832170305,-0.2845967007464245
2.2,0.09532916782969496,0.2845967007464245,2.0,0.0,-6.0,-6.0,1.8778140492690731,-35.337377963019556,1.904670832170305,-0.2845967007464245
2.25,0.09532916782969496,0.2845967007464245,2.0,0.0,-6.0,-6.0,1.8861284319483047,-35.495451432358124,1.904670832170305,-0.2845967007464245
2.3,0.09532916782969496,0.2845967007464245,2.0,0.0,-6.0,-6.0,1.8944428146275363,-35.65352490169669,1.904670832170305,-0.2845967007464245
2.3499999999999996,0.09532916782969496,0.2845967007464245,2.0,0.0,-6.0,-6.0,1.9027571973067683,-35.81159837103526,1.904670832170305,-0.2845967007464245
2.3999999999999995,0.09532916782969496,0.2845967007464245,2.0,0.0,-6.0,-6.0,1.9110715799859999,-35.96967184037383,1.904670832170305,-0.2845967007464245
2.4499999999999993,0.09532916782969496,0.2845967007464245,2.0,0.0,-6.0,-6.0,1.9193859626652312,-36.127745309712395,1.904670832170305,-0.2845967007464245
2.499999999999999,0.09532916782969496,0.2845967007464245,2.0,0.0,-6.0,-6.0,1.9277003453444632,-36.28581877905096,1.904670832170305,-0.2845967007464245
2.549999999999999,0.09532916782969496,0.2845967007464245,2.0,0.0,-6.0,-6.0,1.9360147280236948,-36.44389224838953,1.904670832170305,-0.2845967007464245
2.5999999999999988,0.09532916782969496,0.2845967007464245,2.0,0.0,-6.0,-6.0,1.9443291107029264,-36.6019657177281,1.904670832170305,-0.2845967007464245
2.6499999999999986,0.09532916782969496,0.2845967007464245,2.0,0.0,-6.0,-6.0,1.9526434933821581,-36.76003918706667,1.904670832170305,-0.2845967007464245
2.6999999999999984,0.09532916782969496,0.2845967007464245,2.0,0.0,-6.0,-6.0,1.9609578760613897,-36.918112656405235,1.904670832170305,-0.2845967007464245
2.7499999999999982,0.09532916782969496,0.2845967007464245,2.0,0.0,-6.0,-6.0,1.9692722587406215,-37.0761861257438,1.904670832170305,-0.2845967007464245
2.799999999999998,0.09532916782969496,0.2845967007464245,2.0,0.0,-6.0,-6.0,1.9775866414198533,-37.23425959508237,1.904670832170305,-0.2845967007464245
2.849999999999998,0.09532916782969496,0.2845967007464245,2.0,0.0,-6.0,-6.0,1.9859010240990846,-37.39233306442094,1.904670832170305,-0.2845967007464245
2.8999999999999977,0.09532916782969496,0.2845967007464245,2.0,0.0,-6.0,-6.0,1.9942154067783164,-37.55040653375951,1.904670832170305,-0.2845967007464245
2.9499999999999975,0.09532916782969496,0.2845967007464245,2.0,0.0,-6.0,-6.0,2.0025297894575482,-37.708480003098074,1.904670832170305,-0.2845967007464245
2.9999999999999973,0.09532916782969496,0.2845967007464245,2.0,0.0,-6.0,-6.0,2.01084417213678,-37.86655347243665,1.904670832170305,-0.2845967007464245
3.049999999999997,0.09532916782969496,0.2845967007464245,2.0,0.0,-6.0,-6.0,2.0191585548160114,-38.02462694177522,1.904670832170305,-0.2845967007464245
3.099999999999997,0.09532916782969496,0.2845967007464245,2.0,0.0,-6.0,-6.0,2.027472937495243,-38.182700411113785,1.904670832170305,-0.2845967007464245
3.149999999999997,0.09532916782969496,0.2845967007464245,2.0,0.0,-6.0,-6.0,2.035787320174475,-38.34077388045235,1.904670832170305,-0.2845967007464245
3.1999999999999966,0.09532916782969496,0.2845967007464245,2.0,0.0,-6.0,-6.0,2.0441017028537063,-38.49884734979092,1.904670832170305,-0.2845967007464245
3.2499999999999964,0.09532916782969496,0.2845967007464245,2.0,0.0,-6.0,-6.0,2.052416085532938,-38.65692081912949,1.904670832170305,-0.2845967007464245
3.2999999999999963,0.09532916782969496,0.2845967007464245,2.0,0.0,-6.0,-6.0,2.06073046821217,-38.81499428846806,1.904670832170305,-0.2845967007464245
3.349999999999996,0.09532916782969496,0.2845967007464245,2.0,0.0,-6.0,-6.0,2.0690448508914017,-38.973067757806625,1.904670832170305,-0.2845967007464245
3.399999999999996,0.09532916782969496,0.2845967007464245,2.0,0.0,-6.0,-6.0,2.0773592335706335,-39.13114122714519,1.904670832170305,-0.2845967007464245
3.4499999999999957,0.09532916782969496,0.2845967007464245,2.0,0.0,-6.0,-6.0,2.085673616249865,-39.28921469648376,1.904670832170305,-0.2845967007464245
3.4999999999999956,0.09532916782969496,0.2845967007464245,2.0,0.0,-6.0,-6.0,2.093987998929096,-39.44728816582233,1.904670832170305,-0.2845967007464245
3.5499999999999954,0.09532916782969496,0.2845967007464245,2.0,0.0,-6.0,-6.0,2.1023023816083284,-39.6053616351609,1.904670832170305,-0.2845967007464245
3.599999999999995,0.09532916782969496,0.2845967007464245,2.0,0.0,-6.0,-6.0,2.1106167642875597,-39.763435104499465,1.904670832170305,-0.2845967007464245
3.649999999999995,0.09532916782969496,0.2845967007464245,2.0,0.0,-6.0,-6.0,2.1189311469667915,-39.92150857383803,1.904670832170305,-0.2845967007464245
3.699999999999995,0.09532916782969496,0.2845967007464245,2.0,0.0,-6.0,-6.0,2.1272455296460233,-40.0795820431766,1.904670832170305,-0.2845967007464245
3.7499999999999947,0.09532916782969496,0.2845967007464245,2.0,0.0,-6.0,-6.0,2.135559912325255,-40.23765551251517,1.904670832170305,-0.2845967007464245
3.7999999999999945,0.09532916782969496,0.2845967007464245,2.0,0.0,-6.0,-6.0,2.1438742950044865,-40.395728981853736,1.904670832170305,-0.2845967007464245
3.8499999999999943,0.09532916782969496,0.2845967007464245,2.0,0.0,-6.0,-6.0,2.1521886776837182,-40.55380245119231,1.904670832170305,-0.2845967007464245
3.899999999999994,0.09532916782969496,0.2845967007464245,2.0,0.0,-6.0,-6.0,2.1605030603629496,-40.71187592053088,1.904670832170305,-0.2845967007464245
3.949999999999994,0.09532916782969496,0.2845967007464245,2.0,0.0,-6.0,-6.0,2.1688174430421814,-40.86994938986945,1.904670832170305,-0.2845967007464245
3.999999999999994,0.09532916782969496,0.2845967007464245,2.0,0.0,-6.0,-6.0,2.177131825721413,-41.028022859208015,1.904670832170305,-0.2845967007464245
4.049999999999994,0.09532916782969496,0.2845967007464245,2.0,0.0,-6.0,-6.0,2.1854462084006445,-41.18609632854658,1.904670832170305,-0.2845967007464245
4.099999999999993,0.09532916782969496,0.2845967007464245,2.0,0.0,-6.0,-6.0,2.1937605910798763,-41.34416979788515,1.904670832170305,-0.2845967007464245
4.149999999999993,0.09532916782969496,0.2845967007464245,2.0,0.0,-6.0,-6.0,2.202074973759108,-41.50224326722372,1.904670832170305,-0.2845967007464245
4.199999999999993,0.09532916782969496,0.2845967007464245,2.0,0.0,-6.0,-6.0,2.2103893564383394,-41.66031673656229,1.904670832170305,-0.2845967007464245
4.249999999999993,0.09532916782969496,0.2845967007464245,2.0,0.0,-6.0,-6.0,2.218703739117571,-41.818390205900855,1.904670832170305,-0.2845967007464245
4.299999999999993,0.09532916782969496,0.2845967007464245,2.0,0.0,-6.0,-6.0,2.2270181217968026,-41.97646367523942,1.904670832170305,-0.2845967007464245
4.3499999999999925,0.09532916782969496,0.2845967007464245,2.0,0.0,-6.0,-6.0,2.2353325044760344,-42.13453714457799,1.904670832170305,-0.2845967007464245
4.399999999999992,0.09532916782969496,0.2845967007464245,2.0,0.0,-6.0,-6.0,2.2436468871552657,-42.29261061391656,1.904670832170305,-0.2845967007464245
4.449999999999992,0.09532916782969496,0.2845967007464245,2.0,0.0,-6.0,-6.0,2.2519612698344975,-42.450684083255126,1.904670832170305,-0.2845967007464245
4.499999999999992,0.09532916782969496,0.2845967007464245,2.0,0.0,-6.0,-6.0,2.2602756525137293,-42.608757552593694,1.904670832170305,-0.2845967007464245
4.549999999999992,0.09532916782969496,0.2845967007464245,2.0,0.0,-6.0,-6.0,2.2685900351929607,-42.76683102193226,1.904670832170305,-0.2845967007464245
4.599999999999992,0.09532916782969496,0.2845967007464245,2.0,0.0,-6.0,-6.0,2.2769044178721924,-42.92490449127084,1.904670832170305,-0.2845967007464245
4.6499999999999915,0.09532916782969496,0.2845967007464245,2.0,0.0,-6.0,-6.0,2.285218800551424,-43.082977960609405,1.904670832170305,-0.2845967007464245
4.699999999999991,0.09532916782969496,0.2845967007464245,2.0,0.0,-6.0,-6.0,2.2935331832306556,-43.24105142994797,1.904670832170305,-0.2845967007464245
4.749999999999991,0.09532916782969496,0.2845967007464245,2.0,0.0,-6.0,-6.0,2.3018475659098874,-43.39912489928654,1.904670832170305,-0.2845967007464245
4.799999999999991,0.09532916782969496,0.2845967007464245,2.0,0.0,-6.0,-6.0,2.3101619485891187,-43.55719836862511,1.904670832170305,-0.2845967007464245
4.849999999999991,0.09532916782969496,0.2845967007464245,2.0,0.0,-6.0,-6.0,2.3184763312683505,-43.71527183796368,1.904670832170305,-0.2845967007464245
4.899999999999991,0.09532916782969496,0.2845967007464245,2.0,0.0,-6.0,-6.0,2.3267907139475823,-43.873345307302245,1.904670832170305,-0.2845967007464245
4.94999999999999,0.09532916782969496,0.2845967007464245,2.0,0.0,-6.0,-6.0,2.3351050966268136,-44.03141877664081,1.904670832170305,-0.2845967007464245
4.99999999999999,0.09532916782969496,0.2845967007464245,2.0,0.0,-6.0,-6.0,2.3434194793060454,-44.18949224597938,1.904670832170305,-0.2845967007464245
5.04999999999999,0.09532916782969496,0.2845967007464245,2.0,0.0,-6.0,-6.0,2.351733861985277,-44.34756571531795,1.904670832170305,-0.2845967007464245
5.09999999999999,0.09532916782969496,0.2845967007464245,2.0,0.0,-6.0,-6.0,2.3600482446645086,-44.505639184656516,1.904670832170305,-0.2845967007464245
5.14999999999999,0.09532916782969496,0.2845967007464245,2.0,0.0,-6.0,-6.0,2.3683626273437404,-44.663712653995084,1.904670832170305,-0.2845967007464245
5.1999999999999895,0.09532916782969496,0.2845967007464245,2.0,0.0,-6.0,-6.0,2.3766770100229717,-44.82178612333365,1.904670832170305,-0.2845967007464245
5.249999999999989,0.09532916782969496,0.2845967007464245,2.0,0.0,-6.0,-6.0,2.3849913927022035,-44.97985959267222,1.904670832170305,-0.2845967007464245
5.299999999999989,0.09532916782969496,0.2845967007464245,2.0,0.0,-6.0,-6.0,2.3933057753814353,-45.13793306201079,1.904670832170305,-0.2845967007464245
5.349999999999989,0.09532916782969496,0.2845967007464245,2.0,0.0,-6.0,-6.0,2.4016201580606666,-45.296006531349356,1.904670832170305,-0.2845967007464245
5.399999999999989,0.09532916782969496,0.2845967007464245,2.0,0.0,-6.0,-6.0,2.409934540739898,-45.45408000068793,1.904670832170305,-0.2845967007464245
5.449999999999989,0.09532916782969496,0.2845967007464245,2.0,0.0,-6.0,-6.0,2.41824892341913,-45.6121534700265,1.904670832170305,-0.2845967007464245
5.4999999999999885,0.09532916782969496,0.2845967007464245,2.0,0.0,-6.0,-6.0,2.4265633060983616,-45.77022693936507,1.904670832170305,-0.2845967007464245
5.549999999999988,0.09532916782969496,0.2845967007464245,2.0,0.0,-6.0,-6.0,2.434877688777593,-45.928300408703635,1.904670832170305,-0.2845967007464245
5.599999999999988,0.09532916782969496,0.2845967007464245,2.0,0.0,-6.0,-6.0,2.4431920714568247,-46.0863738780422,1.904670832170305,-0.2845967007464245
5.649999999999988,0.09532916782969496,0.2845967007464245,2.0,0.0,-6.0,-6.0,2.4515064541360565,-46.24444734738077,1.904670832170305,-0.2845967007464245
5.699999999999988,0.09532916782969496,0.2845967007464245,2.0,0.0,-6.0,-6.0,2.459820836815288,-46.40252081671934,1.904670832170305,-0.2845967007464245
5.749999999999988,0.09532916782969496,0.2845967007464245,2.0,0.0,-6.0,-6.0,2.4681352194945196,-46.560594286057906,1.904670832170305,-0.2845967007464245
5.799999999999987,0.09532916782969496,0.2845967007464245,2.0,0.0,-6.0,-6.0,2.476449602173751,-46.718667755396474,1.904670832170305,-0.2845967007464245
5.849999999999987,0.09532916782969496,0.2845967007464245,2.0,0.0,-6.0,-6.0,2.4847639848529828,-46.87674122473504,1.904670832170305,-0.2845967007464245
5.899999999999987,0.09532916782969496,0.2845967007464245,2.0,0.0,-6.0,-6.0,2.4930783675322146,-47.03481469407361,1.904670832170305,-0.2845967007464245
5.949999999999987,0.09532916782969496,0.2845967007464245,2.0,0.0,-6.0,-6.0,2.501392750211446,-47.19288816341218,1.904670832170305,-0.2845967007464245
5.999999999999987,0.09532916782969496,0.2845967007464245,2.0,0.0,-6.0,-6.0,2.5097071328906777,-47.350961632750746,1.904670832170305,-0.2845967007464245
6.0499999999999865,0.09532916782969496,0.2845967007464245,2.0,0.0,-6.0,-6.0,2.518021515569909,-47.509035102089314,1.904670832170305,-0.2845967007464245
6.099999999999986,0.09532916782969496,0.2845967007464245,2.0,0.0,-6.0,-6.0,2.5263358982491413,-47.66710857142788,1.904670832170305,-0.2845967007464245
6.149999999999986,0.09532916782969496,0.2845967007464245,2.0,0.0,-6.0,-6.0,2.5346502809283726,-47.82518204076646,1.904670832170305,-0.2845967007464245
6.199999999999986,0.09532916782969496,0.2845967007464245,2.0,0.0,-6.0,-6.0,2.542964663607604,-47.983255510105025,1.904670832170305,-0.2845967007464245
6.249999999999986,0.09532916782969496,0.2845967007464245,2.0,0.0,-6.0,-6.0,2.5512790462868358,-48.14132897944359,1.904670832170305,-0.2845967007464245
6.299999999999986,0.09532916782969496,0.2845967007464245,2.0,0.0,-6.0,-6.0,2.559593428966067,-48.29940244878216,1.904670832170305,-0.2845967007464245
6.349999999999985,0.09532916782969496,0.2845967007464245,2.0,0.0,-6.0,-6.0,2.567907811645299,-48.45747591812073,1.904670832170305,-0.2845967007464245
6.399999999999985,0.09532916782969496,0.2845967007464245,2.0,0.0,-6.0,-6.0,2.5762221943245307,-48.615549387459296,1.904670832170305,-0.2845967007464245
6.449999999999985,0.09532916782969496,0.2845967007464245,2.0,0.0,-6.0,-6.0,2.5845365770037625,-48.773622856797864,1.904670832170305,-0.2845967007464245
6.499999999999985,0.09532916782969496,0.2845967007464245,2.0,0.0,-6.0,-6.0,2.592850959682994,-48.93169632613643,1.904670832170305,-0.2845967007464245
6.549999999999985,0.09532916782969496,0.2845967007464245,2.0,0.0,-6.0,-6.0,2.601165342362225,-49.089769795475,1.904670832170305,-0.2845967007464245
6.5999999999999845,0.09532916782969496,0.2845967007464245,2.0,0.0,-6.0,-6.0,2.609479725041457,-49.24784326481357,1.904670832170305,-0.2845967007464245
6.649999999999984,0.09532916782969496,0.2845967007464245,2.0,0.0,-6.0,-6.0,2.6177941077206883,-49.405916734152136,1.904670832170305,-0.2845967007464245
6.699999999999984,0.09532916782969496,0.2845967007464245,2.0,0.0,-6.0,-6.0,2.6261084903999206,-49.563990203490704,1.904670832170305,-0.2845967007464245
6.749999999999984,0.09532916782969496,0.2845967007464245,2.0,0.0,-6.0,-6.0,2.634422873079152,-49.72206367282927,1.904670832170305,-0.2845967007464245
6.799999999999984,0.09532916782969496,0.2845967007464245,2.0,0.0,-6.0,-6.0,2.6427372557583837,-49.88013714216784,1.904670832170305,-0.2845967007464245
6.849999999999984,0.09532916782969496,0.2845967007464245,2.0,0.0,-6.0,-6.0,2.651051638437615,-50.03821061150641,1.904670832170305,-0.2845967007464245
6.8999999999999835,0.09532916782969496,0.2845967007464245,2.0,0.0,-6.0,-6.0,2.659366021116847,-50.19628408084498,1.904670832170305,-0.2845967007464245
6.949999999999983,0.09532916782969496,0.2845967007464245,2.0,0.0,-6.0,-6.0,2.667680403796078,-50.35435755018355,1.904670832170305,-0.2845967007464245
6.999999999999983,0.09532916782969496,0.2845967007464245,2.0,0.0,-6.0,-6.0,2.67599478647531,-50.51243101952212,1.904670832170305,-0.2845967007464245
7.049999999999983,0.09532916782969496,0.2845967007464245,2.0,0.0,-6.0,-6.0,2.6843091691545418,-50.670504488860686,1.904670832170305,-0.2845967007464245
7.099999999999983,0.09532916782969496,0.2845967007464245,2.0,0.0,-6.0,-6.0,2.692623551833773,-50.828577958199254,1.904670832170305,-0.2845967007464245
7.149999999999983,0.09532916782969496,0.2845967007464245,2.0,0.0,-6.0,-6.0,2.700937934513005,-50.98665142753782,1.904670832170305,-0.2845967007464245
7.199999999999982,0.09532916782969496,0.2845967007464245,2.0,0.0,-6.0,-6.0,2.7092523171922362,-51.14472489687639,1.904670832170305,-0.2845967007464245
7.249999999999982,0.09532916782969496,0.2845967007464245,2.0,0.0,-6.0,-6.0,2.7175666998714685,-51.30279836621496,1.904670832170305,-0.2845967007464245
7.299999999999982,0.09532916782969496,0.2845967007464245,2.0,0.0,-6.0,-6.0,2.7258810825507,-51.460871835553526,1.904670832170305,-0.2845967007464245
7.349999999999982,0.09532916782969496,0.2845967007464245,2.0,0.0,-6.0,-6.0,2.734195465229931,-51.618945304892094,1.904670832170305,-0.2845967007464245
7.399999999999982,0.09532916782969496,0.2845967007464245,2.0,0.0,-6.0,-6.0,2.742509847909163,-51.77701877423066,1.904670832170305,-0.2845967007464245
7.4499999999999815,0.09532916782969496,0.2845967007464245,2.0,0.0,-6.0,-6.0,2.7508242305883943,-51.93509224356923,1.904670832170305,-0.2845967007464245
7.499999999999981,0.09532916782969496,0.2845967007464245,2.0,0.0,-6.0,-6.0,2.759138613267626,-52.0931657129078,1.904670832170305,-0.2845967007464245
7.549999999999981,0.09532916782969496,0.2845967007464245,2.0,0.0,-6.0,-6.0,2.767452995946858,-52.251239182246366,1.904670832170305,-0.2845967007464245
7.599999999999981,0.09532916782969496,0.2845967007464245,2.0,0.0,-6.0,-6.0,2.7757673786260897,-52.40931265158493,1.904670832170305,-0.2845967007464245
7.649999999999981,0.09532916782969496,0.2845967007464245,2.0,0.0,-6.0,-6.0,2.784081761305321,-52.56738612092351,1.904670832170305,-0.2845967007464245
7.699999999999981,0.09532916782969496,0.2845967007464245,2.0,0.0,-6.0,-6.0,2.792396143984553,-52.725459590262076,1.904670832170305,-0.2845967007464245
7.7499999999999805,0.09532916782969496,0.2845967007464245,2.0,0.0,-6.0,-6.0,2.800710526663784,-52.883533059600644,1.904670832170305,-0.2845967007464245
7.79999999999998,0.09532916782969496,0.2845967007464245,2.0,0.0,-6.0,-6.0,2.8090249093430155,-53.04160652893921,1.904670832170305,-0.2845967007464245
7.84999999999998,0.09532916782969496,0.2845967007464245,2.0,0.0,-6.0,-6.0,2.8173392920222478,-53.19967999827778,1.904670832170305,-0.2845967007464245
7.89999999999998,0.09532916782969496,0.2845967007464245,2.0,0.0,-6.0,-6.0,2.825653674701479,-53.35775346761635,1.904670832170305,-0.2845967007464245
7.94999999999998,0.09532916782969496,0.2845967007464245,2.0,0.0,-6.0,-6.0,2.833968057380711,-53.515826936954916,1.904670832170305,-0.2845967007464245
7.99999999999998,0.09532916782969496,0.2845967007464245,2.0,0.0,-6.0,-6.0,2.8422824400599422,-53.673900406293484,1.904670832170305,-0.2845967007464245
8.04999999999998,0.09532916782969496,0.2845967007464245,2.0,0.0,-6.0,-6.0,2.850596822739174,-53.83197387563205,1.904670832170305,-0.2845967007464245
8.09999999999998,0.09532916782969496,0.2845967007464245,2.0,0.0,-6.0,-6.0,2.8589112054184054,-53.99004734497062,1.904670832170305,-0.2845967007464245
8.14999999999998,0.09532916782969496,0.2845967007464245,2.0,0.0,-6.0,-6.0,2.867225588097637,-54.14812081430919,1.904670832170305,-0.2845967007464245
8.199999999999982,0.09532916782969496,0.2845967007464245,2.0,0.0,-6.0,-6.0,2.875539970776869,-54.306194283647756,1.904670832170305,-0.2845967007464245
8.249999999999982,0.09532916782969496,0.2845967007464245,2.0,0.0,-6.0,-6.0,2.8838543534561003,-54.46426775298632,1.904670832170305,-0.2845967007464245
8.299999999999983,0.09532916782969496,0.2845967007464245,2.0,0.0,-6.0,-6.0,2.892168736135332,-54.62234122232489,1.904670832170305,-0.2845967007464245
8.349999999999984,0.09532916782969496,0.2845967007464245,2.0,0.0,-6.0,-6.0,2.9004831188145634,-54.78041469166346,1.904670832170305,-0.2845967007464245
8.399999999999984,0.09532916782969496,0.2845967007464245,2.0,0.0,-6.0,-6.0,2.9087975014937952,-54.938488161002034,1.904670832170305,-0.2845967007464245
8.449999999999985,0.09532916782969496,0.2845967007464245,2.0,0.0,-6.0,-6.0,2.9171118841730284,-55.09656163034061,1.904670832170305,-0.2845967007464245
8.499999999999986,0.09532916782969496,0.2845967007464245,2.0,0.0,-6.0,-6.0,2.925426266852259,-55.25463509967917,1.904670832170305,-0.2845967007464245
8.549999999999986,0.09532916782969496,0.2845967007464245,2.0,0.0,-6.0,-6.0,2.933740649531491,-55.412708569017745,1.904670832170305,-0.2845967007464245
8.599999999999987,0.09532916782969496,0.2845967007464245,2.0,0.0,-6.0,-6.0,2.9420550322107215,-55.570782038356306,1.904670832170305,-0.2845967007464245
8.649999999999988,0.09532916782969496,0.2845967007464245,2.0,0.0,-6.0,-6.0,2.950369414889954,-55.72885550769488,1.904670832170305,-0.2845967007464245
8.699999999999989,0.09532916782969496,0.2845967007464245,2.0,0.0,-6.0,-6.0,2.958683797569185,-55.88692897703344,1.904670832170305,-0.2845967007464245
8.74999999999999,0.09532916782969496,0.2845967007464245,2.0,0.0,-6.0,-6.0,2.9669981802484178,-56.045002446372024,1.904670832170305,-0.2845967007464245
8.79999999999999,0.09532916782969496,0.2845967007464245,2.0,0.0,-6.0,-6.0,2.9753125629276482,-56.20307591571058,1.904670832170305,-0.2845967007464245
8.84999999999999,0.09532916782969496,0.2845967007464245,2.0,0.0,-6.0,-6.0,2.983626945606881,-56.36114938504916,1.904670832170305,-0.2845967007464245
8.899999999999991,0.09532916782969496,0.2845967007464245,2.0,0.0,-6.0,-6.0,2.9919413282861114,-56.51922285438771,1.904670832170305,-0.2845967007464245
8.949999999999992,0.09532916782969496,0.2845967007464245,2.0,0.0,-6.0,-6.0,3.000255710965344,-56.677296323726296,1.904670832170305,-0.2845967007464245
8.999999999999993,0.09532916782969496,0.2845967007464245,2.0,0.0,-6.0,-6.0,3.008570093644575,-56.83536979306485,1.904670832170305,-0.2845967007464245
9.049999999999994,0.09532916782969496,0.2845967007464245,2.0,0.0,-6.0,-6.0,3.0168844763238076,-56.99344326240343,1.904670832170305,-0.2845967007464245
9.099999999999994,0.09532916782969496,0.2845967007464245,2.0,0.0,-6.0,-6.0,3.025198859003038,-57.151516731741985,1.904670832170305,-0.2845967007464245
9.149999999999995,0.09532916782969496,0.2845967007464245,2.0,0.0,-6.0,-6.0,3.0335132416822708,-57.30959020108057,1.904670832170305,-0.2845967007464245
9.199999999999996,0.09532916782969496,0.2845967007464245,2.0,0.0,-6.0,-6.0,3.0418276243615012,-57.46766367041913,1.904670832170305,-0.2845967007464245
9.249999999999996,0.09532916782969496,0.2845967007464245,2.0,0.0,-6.0,-6.0,3.050142007040734,-57.6257371397577,1.904670832170305,-0.2845967007464245
9.299999999999997,0.09532916782969496,0.2845967007464245,2.0,0.0,-6.0,-6.0,3.0584563897199644,-57.783810609096264,1.904670832170305,-0.2845967007464245
9.349999999999998,0.09532916782969496,0.2845967007464245,2.0,0.0,-6.0,-6.0,3.066770772399197,-57.94188407843484,1.904670832170305,-0.2845967007464245
9.399999999999999,0.09532916782969496,0.2845967007464245,2.0,0.0,-6.0,-6.0,3.0750851550784275,-58.0999575477734,1.904670832170305,-0.2845967007464245
9.45,0.09532916782969496,0.2845967007464245,2.0,0.0,-6.0,-6.0,3.08339953775766,-58.258031017111975,1.904670832170305,-0.2845967007464245
9.5,0.09532916782969496,0.2845967007464245,2.0,0.0,-6.0,-6.0,3.0917139204368906,-58.416104486450536,1.904670832170305,-0.2845967007464245
9.55,0.09532916782969496,0.2845967007464245,2.0,0.0,-6.0,-6.0,3.1000283031161233,-58.57417795578912,1.904670832170305,-0.2845967007464245
9.600000000000001,0.09532916782969496,0.2845967007464245,2.0,0.0,-6.0,-6.0,3.108342685795354,-58.73225142512767,1.904670832170305,-0.2845967007464245
9.650000000000002,0.09532916782969496,0.2845967007464245,2.0,0.0,-6.0,-6.0,3.116657068474587,-58.890324894466254,1.904670832170305,-0.2845967007464245
9.700000000000003,0.09532916782969496,0.2845967007464245,2.0,0.0,-6.0,-6.0,3.1249714511538174,-59.04839836380481,1.904670832170305,-0.2845967007464245
9.750000000000004,0.09532916782969496,0.2845967007464245,2.0,0.0,-6.0,-6.0,3.13328583383305,-59.20647183314339,1.904670832170305,-0.2845967007464245
9.800000000000004,0.09532916782969496,0.2845967007464245,2.0,0.0,-6.0,-6.0,3.1416002165122805,-59.36454530248194,1.904670832170305,-0.2845967007464245
9.850000000000005,0.09532916782969496,0.2845967007464245,2.0,0.0,-6.0,-6.0,3.149914599191513,-59.522618771820525,1.904670832170305,-0.2845967007464245
9.900000000000006,0.09532916782969496,0.2845967007464245,2.0,0.0,-6.0,-6.0,3.158228981870744,-59.68069224115908,1.904670832170305,-0.2845967007464245
9.950000000000006,0.09532916782969496,0.2845967007464245,2.0,0.0,-6.0,-6.0,3.1665433645499768,-59.83876571049766,1.904670832170305,-0.2845967007464245
10.000000000000007,0.09532916782969496,0.2845967007464245,2.0,0.0,-6.0,-6.0,3.174857747229207,-59.99683917983622,1.904670832170305,-0.2845967007464245
10.050000000000008,0.09532916782969496,0.2845967007464245,2.0,0.0,-6.0,-6.0,3.18317212990844,-60.1549126491748,1.904670832170305,-0.2845967007464245
10.100000000000009,0.09532916782969496,0.2845967007464245,2.0,0.0,-6.0,-6.0,3.19148651258767,-60.31298611851336,1.904670832170305,-0.2845967007464245
10.15000000000001,0.09532916782969496,0.2845967007464245,2.0,0.0,-6.0,-6.0,3.199800895266903,-60.47105958785193,1.904670832170305,-0.2845967007464245
10.20000000000001,0.09532916782969496,0.2845967007464245,2.0,0.0,-6.0,-6.0,3.2081152779461335,-60.629133057190494,1.904670832170305,-0.2845967007464245
10.25000000000001,0.09532916782969496,0.2845967007464245,2.0,0.0,-6.0,-6.0,3.216429660625366,-60.787206526529076,1.904670832170305,-0.2845967007464245
10.300000000000011,0.09532916782969496,0.2845967007464245,2.0,0.0,-6.0,-6.0,3.2247440433045966,-60.94527999586763,1.904670832170305,-0.2845967007464245
10.350000000000012,0.09532916782969496,0.2845967007464245,2.0,0.0,-6.0,-6.0,3.2330584259838293,-61.10335346520621,1.904670832170305,-0.2845967007464245
10.400000000000013,0.09532916782969496,0.2845967007464245,2.0,0.0,-6.0,-6.0,3.2413728086630598,-61.261426934544765,1.904670832170305,-0.2845967007464245
10.450000000000014,0.09532916782969496,0.2845967007464245,2.0,0.0,-6.0,-6.0,3.249687191342293,-61.41950040388335,1.904670832170305,-0.2845967007464245
10.500000000000014,0.09532916782969496,0.2845967007464245,2.0,0.0,-6.0,-6.0,3.2580015740215233,-61.5775738732219,1.904670832170305,-0.2845967007464245
10.550000000000015,0.09532916782969496,0.2845967007464245,2.0,0.0,-6.0,-6.0,3.266315956700756,-61.73564734256048,1.904670832170305,-0.2845967007464245
10.600000000000016,0.09532916782969496,0.2845967007464245,2.0,0.0,-6.0,-6.0,3.2746303393799865,-61.89372081189904,1.904670832170305,-0.2845967007464245
10.650000000000016,0.09532916782969496,0.2845967007464245,2.0,0.0,-6.0,-6.0,3.282944722059219,-62.05179428123762,1.904670832170305,-0.2845967007464245
10.700000000000017,0.09532916782969496,0.2845967007464245,2.0,0.0,-6.0,-6.0,3.2912591047384496,-62.20986775057618,1.904670832170305,-0.2845967007464245
10.750000000000018,0.09532916782969496,0.2845967007464245,2.0,0.0,-6.0,-6.0,3.2995734874176827,-62.367941219914755,1.904670832170305,-0.2845967007464245
10.800000000000018,0.09532916782969496,0.2845967007464245,2.0,0.0,-6.0,-6.0,3.307887870096913,-62.526014689253316,1.904670832170305,-0.2845967007464245
10.85000000000002,0.09532916782969496,0.2845967007464245,2.0,0.0,-6.0,-6.0,3.316202252776146,-62.68408815859189,1.904670832170305,-0.2845967007464245
10.90000000000002,0.09532916782969496,0.2845967007464245,2.0,0.0,-6.0,-6.0,3.324516635455376,-62.84216162793045,1.904670832170305,-0.2845967007464245
10.95000000000002,0.09532916782969496,0.2845967007464245,2.0,0.0,-6.0,-6.0,3.3328310181346086,-63.00023509726903,1.904670832170305,-0.2845967007464245
11.000000000000021,0.09532916782969496,0.2845967007464245,2.0,0.0,-6.0,-6.0,3.341145400813839,-63.15830856660759,1.904670832170305,-0.2845967007464245
11.050000000000022,0.09532916782969496,0.2845967007464245,2.0,0.0,-6.0,-6.0,3.349459783493072,-63.31638203594617,1.904670832170305,-0.2845967007464245
11.100000000000023,0.09532916782969496,0.2845967007464245,2.0,0.0,-6.0,-6.0,3.3577741661723026,-63.47445550528472,1.904670832170305,-0.2845967007464245
11.150000000000023,0.09532916782969496,0.2845967007464245,2.0,0.0,-6.0,-6.0,3.3660885488515353,-63.632528974623305,1.904670832170305,-0.2845967007464245
11.200000000000024,0.09532916782969496,0.2845967007464245,2.0,0.0,-6.0,-6.0,3.3744029315307658,-63.79060244396186,1.904670832170305,-0.2845967007464245
11.250000000000025,0.09532916782969496,0.2845967007464245,2.0,0.0,-6.0,-6.0,3.3827173142099984,-63.94867591330044,1.904670832170305,-0.2845967007464245
11.300000000000026,0.09532916782969496,0.2845967007464245,2.0,0.0,-6.0,-6.0,3.391031696889229,-64.106749382639,1.904670832170305,-0.2845967007464245
11.350000000000026,0.09532916782969496,0.2845967007464245,2.0,0.0,-6.0,-6.0,3.399346079568462,-64.26482285197758,1.904670832170305,-0.2845967007464245
11.400000000000027,0.09532916782969496,0.2845967007464245,2.0,0.0,-6.0,-6.0,3.4076604622476925,-64.42289632131613,1.904670832170305,-0.2845967007464245
11.450000000000028,0.09532916782969496,0.2845967007464245,2.0,0.0,-6.0,-6.0,3.415974844926925,-64.58096979065472,1.904670832170305,-0.2845967007464245
11.500000000000028,0.09532916782969496,0.2845967007464245,2.0,0.0,-6.0,-6.0,3.4242892276061556,-64.73904325999327,1.904670832170305,-0.2845967007464245
11.55000000000003,0.09532916782969496,0.2845967007464245,2.0,0.0,-6.0,-6.0,3.4326036102853883,-64.89711672933186,1.904670832170305,-0.2845967007464245
11.60000000000003,0.09532916782969496,0.2845967007464245,2.0,0.0,-6.0,-6.0,3.440917992964619,-65.0551901986704,1.904670832170305,-0.2845967007464245
11.65000000000003,0.09532916782969496,0.2845967007464245,2.0,0.0,-6.0,-6.0,3.449232375643852,-65.21326366800899,1.904670832170305,-0.2845967007464245
11.700000000000031,0.09532916782969496,0.2845967007464245,2.0,0.0,-6.0,-6.0,3.457546758323082,-65.37133713734754,1.904670832170305,-0.2845967007464245
11.750000000000032,0.09532916782969496,0.2845967007464245,2.0,0.0,-6.0,-6.0,3.4658611410023146,-65.52941060668613,1.904670832170305,-0.2845967007464245
11.800000000000033,0.09532916782969496,0.2845967007464245,2.0,0.0,-6.0,-6.0,3.474175523681545,-65.68748407602469,1.904670832170305,-0.2845967007464245
11.850000000000033,0.09532916782969496,0.2845967007464245,2.0,0.0,-6.0,-6.0,3.4824899063607777,-65.84555754536326,1.904670832170305,-0.2845967007464245
11.900000000000034,0.09532916782969496,0.2845967007464245,2.0,0.0,-6.0,-6.0,3.4908042890400086,-66.00363101470182,1.904670832170305,-0.2845967007464245
11.950000000000035,0.09532916782969496,0.2845967007464245,2.0,0.0,-6.0,-6.0,3.4991186717192413,-66.1617044840404,1.904670832170305,-0.2845967007464245
12.000000000000036,0.09532916782969496,0.2845967007464245,2.0,0.0,-6.0,-6.0,3.5074330543984718,-66.31977795337896,1.904670832170305,-0.2845967007464245
12.050000000000036,0.09532916782969496,0.2845967007464245,2.0,0.0,-6.0,-6.0,3.5157474370777044,-66.47785142271754,1.904670832170305,-0.2845967007464245
12.100000000000037,0.09532916782969496,0.2845967007464245,2.0,0.0,-6.0,-6.0,3.524061819756935,-66.6359248920561,1.904670832170305,-0.2845967007464245
12.150000000000038,0.09532916782969496,0.2845967007464245,2.0,0.0,-6.0,-6.0,3.5323762024361676,-66.79399836139467,1.904670832170305,-0.2845967007464245
12.200000000000038,0.09532916782969496,0.2845967007464245,2.0,0.0,-6.0,-6.0,3.5406905851153985,-66.95207183073323,1.904670832170305,-0.2845967007464245
12.250000000000039,0.09532916782969496,0.2845967007464245,2.0,0.0,-6.0,-6.0,3.549004967794631,-67.1101453000718,1.904670832170305,-0.2845967007464245
12.30000000000004,0.09532916782969496,0.2845967007464245,2.0,0.0,-6.0,-6.0,3.5573193504738616,-67.26821876941037,1.904670832170305,-0.2845967007464245
12.35000000000004,0.09532916782969496,0.2845967007464245,2.0,0.0,-6.0,-6.0,3.5656337331530943,-67.42629223874894,1.904670832170305,-0.2845967007464245
12.400000000000041,0.09532916782969496,0.2845967007464245,2.0,0.0,-6.0,-6.0,3.5739481158323247,-67.5843657080875,1.904670832170305,-0.2845967007464245
12.450000000000042,0.09532916782969496,0.2845967007464245,2.0,0.0,-6.0,-6.0,3.5822624985115574,-67.74243917742608,1.904670832170305,-0.2845967007464245
12.500000000000043,0.09532916782969496,0.2845967007464245,2.0,0.0,-6.0,-6.0,3.590576881190788,-67.90051264676464,1.904670832170305,-0.2845967007464245
12.550000000000043,0.09532916782969496,0.2845967007464245,2.0,0.0,-6.0,-6.0,3.5988912638700206,-68.05858611610321,1.904670832170305,-0.2845967007464245
12.600000000000044,0.09532916782969496,0.2845967007464245,2.0,0.0,-6.0,-6.0,3.607205646549251,-68.21665958544177,1.904670832170305,-0.2845967007464245
12.650000000000045,0.09532916782969496,0.2845967007464245,2.0,0.0,-6.0,-6.0,3.6155200292284837,-68.37473305478035,1.904670832170305,-0.2845967007464245
12.700000000000045,0.09532916782969496,0.2845967007464245,2.0,0.0,-6.0,-6.0,3.623834411907714,-68.53280652411891,1.904670832170305,-0.2845967007464245
12.750000000000046,0.09532916782969496,0.2845967007464245,2.0,0.0,-6.0,-6.0,3.632148794586947,-68.69087999345749,1.904670832170305,-0.2845967007464245
12.800000000000047,0.09532916782969496,0.2845967007464245,2.0,0.0,-6.0,-6.0,3.6404631772661777,-68.84895346279605,1.904670832170305,-0.2845967007464245
12.850000000000048,0.09532916782969496,0.2845967007464245,2.0,0.0,-6.0,-6.0,3.6487775599454104,-69.00702693213462,1.904670832170305,-0.2845967007464245
12.900000000000048,0.09532916782969496,0.2845967007464245,2.0,0.0,-6.0,-6.0,3.657091942624641,-69.16510040147318,1.904670832170305,-0.2845967007464245
12.950000000000049,0.09532916782969496,0.2845967007464245,2.0,0.0,-6.0,-6.0,3.6654063253038736,-69.32317387081177,1.904670832170305,-0.2845967007464245
13.00000000000005,0.09532916782969496,0.2845967007464245,2.0,0.0,-6.0,-6.0,3.673720707983104,-69.48124734015032,1.904670832170305,-0.2845967007464245
13.05000000000005,0.09532916782969496,0.2845967007464245,2.0,0.0,-6.0,-6.0,3.682035090662337,-69.63932080948891,1.904670832170305,-0.2845967007464245
13.100000000000051,0.09532916782969496,0.2845967007464245,2.0,0.0,-6.0,-6.0,3.6903494733415676,-69.79739427882745,1.904670832170305,-0.2845967007464245
13.150000000000052,0.09532916782969496,0.2845967007464245,2.0,0.0,-6.0,-6.0,3.6986638560208003,-69.95546774816604,1.904670832170305,-0.2845967007464245
13.200000000000053,0.09532916782969496,0.2845967007464245,2.0,0.0,-6.0,-6.0,3.7069782387000307,-70.11354121750459,1.904670832170305,-0.2845967007464245
13.250000000000053,0.09532916782969496,0.2845967007464245,2.0,0.0,-6.0,-6.0,3.7152926213792634,-70.27161468684318,1.904670832170305,-0.2845967007464245
13.300000000000054,0.09532916782969496,0.2845967007464245,2.0,0.0,-6.0,-6.0,3.7236070040584934,-70.42968815618173,1.904670832170305,-0.2845967007464245
13.350000000000055,0.09532916782969496,0.2845967007464245,2.0,0.0,-6.0,-6.0,3.7319213867377266,-70.58776162552032,1.904670832170305,-0.2845967007464245
13.400000000000055,0.09532916782969496,0.2845967007464245,2.0,0.0,-6.0,-6.0,3.740235769416957,-70.74583509485888,1.904670832170305,-0.2845967007464245
13.450000000000056,0.09532916782969496,0.2845967007464245,2.0,0.0,-6.0,-6.0,3.7485501520961897,-70.90390856419745,1.904670832170305,-0.2845967007464245
13.500000000000057,0.09532916782969496,0.2845967007464245,2.0,0.0,-6.0,-6.0,3.75686453477542,-71.06198203353601,1.904670832170305,-0.2845967007464245
13.550000000000058,0.09532916782969496,0.2845967007464245,2.0,0.0,-6.0,-6.0,3.765178917454653,-71.22005550287459,1.904670832170305,-0.2845967007464245
13.600000000000058,0.09532916782969496,0.2845967007464245,2.0,0.0,-6.0,-6.0,3.7734933001338833,-71.37812897221315,1.904670832170305,-0.2845967007464245
13.650000000000059,0.09532916782969496,0.2845967007464245,2.0,0.0,-6.0,-6.0,3.7818076828131164,-71.53620244155172,1.904670832170305,-0.2845967007464245
13.70000000000006,0.09532916782969496,0.2845967007464245,2.0,0.0,-6.0,-6.0,3.790122065492347,-71.69427591089028,1.904670832170305,-0.2845967007464245
13.75000000000006,0.09532916782969496,0.2845967007464245,2.0,0.0,-6.0,-6.0,3.7984364481715795,-71.85234938022886,1.904670832170305,-0.2845967007464245
13.800000000000061,0.09532916782969496,0.2845967007464245,2.0,0.0,-6.0,-6.0,3.80675083085081,-72.01042284956742,1.904670832170305,-0.2845967007464245
13.850000000000062,0.09532916782969496,0.2845967007464245,2.0,0.0,-6.0,-6.0,3.8150652135300427,-72.168496318906,1.904670832170305,-0.2845967007464245
13.900000000000063,0.09532916782969496,0.2845967007464245,2.0,0.0,-6.0,-6.0,3.823379596209273,-72.32656978824456,1.904670832170305,-0.2845967007464245
13.950000000000063,0.09532916782969496,0.2845967007464245,2.0,0.0,-6.0,-6.0,3.8316939788885063,-72.48464325758313,1.904670832170305,-0.2845967007464245
14.000000000000064,0.09532916782969496,0.2845967007464245,2.0,0.0,-6.0,-6.0,3.8400083615677367,-72.64271672692169,1.904670832170305,-0.2845967007464245
14.050000000000065,0.09532916782969496,0.2845967007464245,2.0,0.0,-6.0,-6.0,3.848322744246969,-72.80079019626027,1.904670832170305,-0.2845967007464245
14.100000000000065,0.09532916782969496,0.2845967007464245,2.0,0.0,-6.0,-6.0,3.8566371269261994,-72.95886366559883,1.904670832170305,-0.2845967007464245
14.150000000000066,0.09532916782969496,0.2845967007464245,2.0,0.0,-6.0,-6.0,3.864951509605432,-73.1169371349374,1.904670832170305,-0.2845967007464245
14.200000000000067,0.09532916782969496,0.2845967007464245,2.0,0.0,-6.0,-6.0,3.8732658922846626,-73.27501060427596,1.904670832170305,-0.2845967007464245
14.250000000000068,0.09532916782969496,0.2845967007464245,2.0,0.0,-6.0,-6.0,3.881580274963896,-73.43308407361454,1.904670832170305,-0.2845967007464245
14.300000000000068,0.09532916782969496,0.2845967007464245,2.0,0.0,-6.0,-6.0,3.8898946576431266,-73.5911575429531,1.904670832170305,-0.2845967007464245
14.350000000000069,0.09532916782969496,0.2845967007464245,2.0,0.0,-6.0,-6.0,3.8982090403223593,-73.74923101229167,1.904670832170305,-0.2845967007464245
14.40000000000007,0.09532916782969496,0.2845967007464245,2.0,0.0,-6.0,-6.0,3.9065234230015897,-73.90730448163023,1.904670832170305,-0.2845967007464245
14.45000000000007,0.09532916782969496,0.2845967007464245,2.0,0.0,-6.0,-6.0,3.9148378056808224,-74.06537795096881,1.904670832170305,-0.2845967007464245
14.500000000000071,0.09532916782969496,0.2845967007464245,2.0,0.0,-6.0,-6.0,3.923152188360053,-74.22345142030737,1.904670832170305,-0.2845967007464245
14.550000000000072,0.09532916782969496,0.2845967007464245,2.0,0.0,-6.0,-6.0,3.931466571039286,-74.38152488964596,1.904670832170305,-0.2845967007464245
14.600000000000072,0.09532916782969496,0.2845967007464245,2.0,0.0,-6.0,-6.0,3.9397809537185164,-74.5395983589845,1.904670832170305,-0.2845967007464245
14.650000000000073,0.09532916782969496,0.2845967007464245,2.0,0.0,-6.0,-6.0,3.948095336397749,-74.6976718283231,1.904670832170305,-0.2845967007464245
14.700000000000074,0.09532916782969496,0.2845967007464245,2.0,0.0,-6.0,-6.0,3.9564097190769796,-74.85574529766164,1.904670832170305,-0.2845967007464245
14.750000000000075,0.09532916782969496,0.2845967007464245,2.0,0.0,-6.0,-6.0,3.9647241017562123,-75.01381876700023,1.904670832170305,-0.2845967007464245
14.800000000000075,0.09532916782969496,0.2845967007464245,2.0,0.0,-6.0,-6.0,3.9730384844354423,-75.17189223633878,1.904670832170305,-0.2845967007464245
14.850000000000076,0.09532916782969496,0.2845967007464245,2.0,0.0,-6.0,-6.0,3.9813528671146754,-75.32996570567737,1.904670832170305,-0.2845967007464245
14.900000000000077,0.09532916782969496,0.2845967007464245,2.0,0.0,-6.0,-6.0,3.989667249793906,-75.48803917501591,1.904670832170305,-0.2845967007464245
14.950000000000077,0.09532916782969496,0.2845967007464245,2.0,0.0,-6.0,-6.0,3.9979816324731385,-75.6461126443545,1.904670832170305,-0.2845967007464245
15.000000000000078,0.09532916782969496,0.2845967007464245,2.0,0.0,-6.0,-6.0,4.006296015152369,-75.80418611369306,1.904670832170305,-0.2845967007464245
